[
  {
    "bridge_balance_mohm": 14.9572649002075,
    "id": 477138791,
    "leak_pa": 31.6856784820557,
    "num_spikes": 0,
    "peak_deflection": 0.0,
    "post_noise_rms_mv": 0.0,
    "post_vm_mv": 0.0,
    "pre_noise_rms_mv": 0.0,
    "pre_vm_mv": 0.0,
    "slow_noise_rms_mv": 0.0,
    "slow_vm_mv": 0.0,
    "specimen_id": 477127614,
    "stimulus_absolute_amplitude": 9.99999977648258,
    "stimulus_description": "EXTPGGAEND141203[0]",
    "stimulus_duration": 0.069995,
    "stimulus_interval": 0.05,
    "stimulus_name": "Test",
    "stimulus_relative_amplitude": 1.0,
    "stimulus_start_time": 0.03,
    "stimulus_units": "Volts",
    "sweep_number": 74,
    "vm_delta_mv": 0.0
  },
  {
    "bridge_balance_mohm": 14.9572649002075,
    "id": 477138785,
    "leak_pa": 31.6856784820557,
    "num_spikes": 31,
    "peak_deflection": 0.0,
    "post_noise_rms_mv": 0.0375409871339798,
    "post_vm_mv": -71.1998062133789,
    "pre_noise_rms_mv": 0.0429509505629539,
    "pre_vm_mv": -72.1493606567383,
    "slow_noise_rms_mv": 0.219235181808472,
    "slow_vm_mv": -72.1493606567383,
    "specimen_id": 477127614,
    "stimulus_absolute_amplitude": 304.999997480238,
    "stimulus_description": "C2NSRMPRH2150216[0]",
    "stimulus_duration": 31.999965,
    "stimulus_interval": null,
    "stimulus_name": "Ramp to Rheobase",
    "stimulus_relative_amplitude": 0.9,
    "stimulus_start_time": 2.02003,
    "stimulus_units": "Amps",
    "sweep_number": 71,
    "vm_delta_mv": 0.949554443359375
  },
  {
    "bridge_balance_mohm": 14.9572649002075,
    "id": 477138778,
    "leak_pa": 31.1153354644775,
    "num_spikes": 12,
    "peak_deflection": 0.0,
    "post_noise_rms_mv": 0.0455337129533291,
    "post_vm_mv": -71.4517211914062,
    "pre_noise_rms_mv": 0.052323006093502,
    "pre_vm_mv": -70.4631195068359,
    "slow_noise_rms_mv": 0.267223656177521,
    "slow_vm_mv": -70.4631195068359,
    "specimen_id": 477127614,
    "stimulus_absolute_amplitude": 170.000000188075,
    "stimulus_description": "C2SQRHELNG150216[0]",
    "stimulus_duration": 1.999995,
    "stimulus_interval": null,
    "stimulus_name": "Square - 2s Suprathreshold",
    "stimulus_relative_amplitude": 1.7,
    "stimulus_start_time": 1.02,
    "stimulus_units": "Amps",
    "sweep_number": 69,
    "vm_delta_mv": 0.988601684570312
  },
  {
    "bridge_balance_mohm": 14.9572649002075,
    "id": 477138756,
    "leak_pa": 20.6590614318848,
    "num_spikes": 1,
    "peak_deflection": 0.0,
    "post_noise_rms_mv": 0.0329418890178204,
    "post_vm_mv": -70.9263381958008,
    "pre_noise_rms_mv": 0.0343591645359993,
    "pre_vm_mv": -71.0978622436523,
    "slow_noise_rms_mv": 0.354853898286819,
    "slow_vm_mv": -71.0978622436523,
    "specimen_id": 477127614,
    "stimulus_absolute_amplitude": 90.0000005077395,
    "stimulus_description": "C2SQRHELNG150216[0]",
    "stimulus_duration": 1.999995,
    "stimulus_interval": null,
    "stimulus_name": "Square - 2s Suprathreshold",
    "stimulus_relative_amplitude": 0.9,
    "stimulus_start_time": 1.02,
    "stimulus_units": "Amps",
    "sweep_number": 59,
    "vm_delta_mv": 0.171524047851562
  },
  {
    "bridge_balance_mohm": 14.9572649002075,
    "id": 477138718,
    "leak_pa": 9.94930267333984,
    "num_spikes": null,
    "peak_deflection": -48.8437538146973,
    "post_noise_rms_mv": 0.0414872132241726,
    "post_vm_mv": -71.9482116699219,
    "pre_noise_rms_mv": 0.0345887765288353,
    "pre_vm_mv": -71.6917724609375,
    "slow_noise_rms_mv": 0.348442763090134,
    "slow_vm_mv": -71.6917724609375,
    "specimen_id": 477127614,
    "stimulus_absolute_amplitude": 60.0000049644223,
    "stimulus_description": "C1LSFINEST150112[0]",
    "stimulus_duration": 0.999995,
    "stimulus_interval": null,
    "stimulus_name": "Long Square",
    "stimulus_relative_amplitude": 0.6,
    "stimulus_start_time": 1.02,
    "stimulus_units": "Amps",
    "sweep_number": 41,
    "vm_delta_mv": 0.256439208984375
  },
  {
    "bridge_balance_mohm": 14.9572649002075,
    "id": 477138676,
    "leak_pa": -1.4575412273407,
    "num_spikes": null,
    "peak_deflection": -106.812507629395,
    "post_noise_rms_mv": 0.0376716405153275,
    "post_vm_mv": -71.7606658935547,
    "pre_noise_rms_mv": 0.0360860601067543,
    "pre_vm_mv": -71.4473724365234,
    "slow_noise_rms_mv": 0.29504731297493,
    "slow_vm_mv": -71.4473724365234,
    "specimen_id": 477127614,
    "stimulus_absolute_amplitude": -90.0000005077395,
    "stimulus_description": "C1LSCOARSE150216[1]",
    "stimulus_duration": 0.999995,
    "stimulus_interval": null,
    "stimulus_name": "Long Square",
    "stimulus_relative_amplitude": 1.0,
    "stimulus_start_time": 1.02,
    "stimulus_units": "Amps",
    "sweep_number": 22,
    "vm_delta_mv": 0.31329345703125
  },
  {
    "bridge_balance_mohm": 14.9572649002075,
    "id": 477138730,
    "leak_pa": 15.5893545150757,
    "num_spikes": 20,
    "peak_deflection": 0.0,
    "post_noise_rms_mv": 0.039322268217802,
    "post_vm_mv": -71.5446319580078,
    "pre_noise_rms_mv": 0.0357742980122566,
    "pre_vm_mv": -72.1478500366211,
    "slow_noise_rms_mv": 0.244678765535355,
    "slow_vm_mv": -72.1478500366211,
    "specimen_id": 477127614,
    "stimulus_absolute_amplitude": 141.500006156647,
    "stimulus_description": "C1NSSEED_2150216[0]",
    "stimulus_duration": 18.999995,
    "stimulus_interval": 8.0,
    "stimulus_name": "Noise 2",
    "stimulus_relative_amplitude": 0.6,
    "stimulus_start_time": 2.02,
    "stimulus_units": "Amps",
    "sweep_number": 47,
    "vm_delta_mv": 0.603218078613281
  },
  {
    "bridge_balance_mohm": 14.9572649002075,
    "id": 477138746,
    "leak_pa": 23.1939163208008,
    "num_spikes": null,
    "peak_deflection": 0.0,
    "post_noise_rms_mv": 0.0376067608594894,
    "post_vm_mv": -72.1046981811523,
    "pre_noise_rms_mv": 0.0367549508810043,
    "pre_vm_mv": -72.060546875,
    "slow_noise_rms_mv": 0.440279096364975,
    "slow_vm_mv": -72.060546875,
    "specimen_id": 477127614,
    "stimulus_absolute_amplitude": -200.000002670286,
    "stimulus_description": "C1SQCAPCHK141203[0]",
    "stimulus_duration": 7.218495,
    "stimulus_interval": 0.2005,
    "stimulus_name": "Square - 0.5ms Subthreshold",
    "stimulus_relative_amplitude": 1.0,
    "stimulus_start_time": 0.8215,
    "stimulus_units": "Amps",
    "sweep_number": 54,
    "vm_delta_mv": 0.0441513061523438
  },
  {
    "bridge_balance_mohm": 0.0,
    "id": 477138793,
    "leak_pa": 0.0,
    "num_spikes": null,
    "peak_deflection": 0.0,
    "post_noise_rms_mv": 0.0207736119627953,
    "post_vm_mv": 0.00348906242288649,
    "pre_noise_rms_mv": 0.0377543456852436,
    "pre_vm_mv": -0.0882446393370628,
    "slow_noise_rms_mv": 0.09664086997509,
    "slow_vm_mv": -0.0882446393370628,
    "specimen_id": 477127614,
    "stimulus_absolute_amplitude": 0.0,
    "stimulus_description": "EXTPBLWOUT141203[0]",
    "stimulus_duration": 0.0,
    "stimulus_interval": null,
    "stimulus_name": "Test",
    "stimulus_relative_amplitude": 1.0,
    "stimulus_start_time": 0.0,
    "stimulus_units": "Amps",
    "sweep_number": 75,
    "vm_delta_mv": 0.0917337015271187
  },
  {
    "bridge_balance_mohm": 14.9572649002075,
    "id": 477138666,
    "leak_pa": -5.25982236862183,
    "num_spikes": 1,
    "peak_deflection": 0.0,
    "post_noise_rms_mv": 0.0419268570840359,
    "post_vm_mv": -73.7853469848633,
    "pre_noise_rms_mv": 0.0378942973911762,
    "pre_vm_mv": -74.2294082641602,
    "slow_noise_rms_mv": 0.34628364443779,
    "slow_vm_mv": -74.2294082641602,
    "specimen_id": 477127614,
    "stimulus_absolute_amplitude": 450.000009477591,
    "stimulus_description": "C1SSFINEST150112[0]",
    "stimulus_duration": 0.002995,
    "stimulus_interval": null,
    "stimulus_name": "Short Square",
    "stimulus_relative_amplitude": 4.5,
    "stimulus_start_time": 1.02,
    "stimulus_units": "Amps",
    "sweep_number": 18,
    "vm_delta_mv": 0.444061279296875
  },
  {
    "bridge_balance_mohm": 14.9572649002075,
    "id": 477138736,
    "leak_pa": 0.0,
    "num_spikes": 9,
    "peak_deflection": 0.0,
    "post_noise_rms_mv": 0.0,
    "post_vm_mv": 0.0,
    "pre_noise_rms_mv": 0.0365641489624977,
    "pre_vm_mv": -71.0458984375,
    "slow_noise_rms_mv": 0.295637965202332,
    "slow_vm_mv": -71.0458984375,
    "specimen_id": 477127614,
    "stimulus_absolute_amplitude": 800.000010681146,
    "stimulus_description": "C1RP25PR1S141203[0]",
    "stimulus_duration": 31.997495,
    "stimulus_interval": null,
    "stimulus_name": "Ramp",
    "stimulus_relative_amplitude": 1.0,
    "stimulus_start_time": 1.0225,
    "stimulus_units": "Amps",
    "sweep_number": 5,
    "vm_delta_mv": 0.0
  },
  {
    "bridge_balance_mohm": 14.9572649002075,
    "id": 477138686,
    "leak_pa": -1.4575412273407,
    "num_spikes": null,
    "peak_deflection": -64.6875076293945,
    "post_noise_rms_mv": 0.0507412515580654,
    "post_vm_mv": -71.3264236450195,
    "pre_noise_rms_mv": 0.0410196781158447,
    "pre_vm_mv": -71.6200637817383,
    "slow_noise_rms_mv": 0.197316572070122,
    "slow_vm_mv": -71.6200637817383,
    "specimen_id": 477127614,
    "stimulus_absolute_amplitude": 9.99999996004197,
    "stimulus_description": "C1LSCOARSE150216[6]",
    "stimulus_duration": 0.999995,
    "stimulus_interval": null,
    "stimulus_name": "Long Square",
    "stimulus_relative_amplitude": 1.0,
    "stimulus_start_time": 1.02,
    "stimulus_units": "Amps",
    "sweep_number": 27,
    "vm_delta_mv": 0.29364013671875
  },
  {
    "bridge_balance_mohm": 14.9572649002075,
    "id": 477138698,
    "leak_pa": -3.61216711997986,
    "num_spikes": 23,
    "peak_deflection": 0.0,
    "post_noise_rms_mv": 0.0317078717052937,
    "post_vm_mv": -73.2549057006836,
    "pre_noise_rms_mv": 0.03891546651721,
    "pre_vm_mv": -72.3875427246094,
    "slow_noise_rms_mv": 0.449886292219162,
    "slow_vm_mv": -72.3875427246094,
    "specimen_id": 477127614,
    "stimulus_absolute_amplitude": 110.000002162547,
    "stimulus_description": "C1LSCOARSE150216[11]",
    "stimulus_duration": 0.999995,
    "stimulus_interval": null,
    "stimulus_name": "Long Square",
    "stimulus_relative_amplitude": 1.0,
    "stimulus_start_time": 1.02,
    "stimulus_units": "Amps",
    "sweep_number": 32,
    "vm_delta_mv": 0.867362976074219
  },
  {
    "bridge_balance_mohm": 0.0,
    "id": 477138714,
    "leak_pa": 0.0,
    "num_spikes": 0,
    "peak_deflection": 0.0,
    "post_noise_rms_mv": 0.0,
    "post_vm_mv": 0.0,
    "pre_noise_rms_mv": 0.0,
    "pre_vm_mv": 0.0,
    "slow_noise_rms_mv": 0.0,
    "slow_vm_mv": 0.0,
    "specimen_id": 477127614,
    "stimulus_absolute_amplitude": 9.99999977648258,
    "stimulus_description": "EXTPBREAKN141203[0]",
    "stimulus_duration": 0.069995,
    "stimulus_interval": 0.05,
    "stimulus_name": "Test",
    "stimulus_relative_amplitude": 1.0,
    "stimulus_start_time": 0.03,
    "stimulus_units": "Volts",
    "sweep_number": 4,
    "vm_delta_mv": 0.0
  },
  {
    "bridge_balance_mohm": 14.9572649002075,
    "id": 477138742,
    "leak_pa": 25.0950565338135,
    "num_spikes": 0,
    "peak_deflection": 0.0,
    "post_noise_rms_mv": 0.0,
    "post_vm_mv": 0.0,
    "pre_noise_rms_mv": 0.0,
    "pre_vm_mv": 0.0,
    "slow_noise_rms_mv": 0.0,
    "slow_vm_mv": 0.0,
    "specimen_id": 477127614,
    "stimulus_absolute_amplitude": 9.99999977648258,
    "stimulus_description": "EXTPRSCHEK150209[0]",
    "stimulus_duration": 0.069995,
    "stimulus_interval": 0.05,
    "stimulus_name": "Test",
    "stimulus_relative_amplitude": 1.0,
    "stimulus_start_time": 0.03,
    "stimulus_units": "Volts",
    "sweep_number": 52,
    "vm_delta_mv": 0.0
  },
  {
    "bridge_balance_mohm": 14.9572649002075,
    "id": 477138658,
    "leak_pa": -6.14702177047729,
    "num_spikes": null,
    "peak_deflection": 0.0,
    "post_noise_rms_mv": 0.0348313599824905,
    "post_vm_mv": -75.6314697265625,
    "pre_noise_rms_mv": 0.0368603058159351,
    "pre_vm_mv": -75.5107727050781,
    "slow_noise_rms_mv": 0.193425893783569,
    "slow_vm_mv": -75.5107727050781,
    "specimen_id": 477127614,
    "stimulus_absolute_amplitude": 430.00003557836,
    "stimulus_description": "C1SSFINEST150112[0]",
    "stimulus_duration": 0.002995,
    "stimulus_interval": null,
    "stimulus_name": "Short Square",
    "stimulus_relative_amplitude": 4.3,
    "stimulus_start_time": 1.02,
    "stimulus_units": "Amps",
    "sweep_number": 14,
    "vm_delta_mv": 0.120697021484375
  },
  {
    "bridge_balance_mohm": 14.9572649002075,
    "id": 477138795,
    "leak_pa": -15.5893545150757,
    "num_spikes": null,
    "peak_deflection": 0.0,
    "post_noise_rms_mv": 0.0344500690698624,
    "post_vm_mv": -73.6756286621094,
    "pre_noise_rms_mv": 0.0389039665460587,
    "pre_vm_mv": -73.3920516967773,
    "slow_noise_rms_mv": 0.128602921962738,
    "slow_vm_mv": -73.3920516967773,
    "specimen_id": 477127614,
    "stimulus_absolute_amplitude": 100.000001335143,
    "stimulus_description": "C1SSCOARSE150112[0]",
    "stimulus_duration": 0.002995,
    "stimulus_interval": null,
    "stimulus_name": "Short Square",
    "stimulus_relative_amplitude": 1.0,
    "stimulus_start_time": 1.02,
    "stimulus_units": "Amps",
    "sweep_number": 8,
    "vm_delta_mv": 0.283576965332031
  },
  {
    "bridge_balance_mohm": 14.9572649002075,
    "id": 477138774,
    "leak_pa": 29.2141933441162,
    "num_spikes": 21,
    "peak_deflection": 0.0,
    "post_noise_rms_mv": 0.0332039445638657,
    "post_vm_mv": -71.9599761962891,
    "pre_noise_rms_mv": 0.0343535505235195,
    "pre_vm_mv": -71.7279205322266,
    "slow_noise_rms_mv": 0.158796206116676,
    "slow_vm_mv": -71.7279205322266,
    "specimen_id": 477127614,
    "stimulus_absolute_amplitude": 170.000000188075,
    "stimulus_description": "C2SQRHELNG150216[0]",
    "stimulus_duration": 1.999995,
    "stimulus_interval": null,
    "stimulus_name": "Square - 2s Suprathreshold",
    "stimulus_relative_amplitude": 1.7,
    "stimulus_start_time": 1.02,
    "stimulus_units": "Amps",
    "sweep_number": 67,
    "vm_delta_mv": 0.2320556640625
  },
  {
    "bridge_balance_mohm": 14.9572649002075,
    "id": 477138700,
    "leak_pa": -2.97845363616943,
    "num_spikes": 28,
    "peak_deflection": 0.0,
    "post_noise_rms_mv": 0.0342540815472603,
    "post_vm_mv": -73.396858215332,
    "pre_noise_rms_mv": 0.0384913086891174,
    "pre_vm_mv": -72.8529891967773,
    "slow_noise_rms_mv": 0.206534862518311,
    "slow_vm_mv": -72.8529891967773,
    "specimen_id": 477127614,
    "stimulus_absolute_amplitude": 129.99999687846,
    "stimulus_description": "C1LSCOARSE150216[12]",
    "stimulus_duration": 0.999995,
    "stimulus_interval": null,
    "stimulus_name": "Long Square",
    "stimulus_relative_amplitude": 1.0,
    "stimulus_start_time": 1.02,
    "stimulus_units": "Amps",
    "sweep_number": 33,
    "vm_delta_mv": 0.543869018554688
  },
  {
    "bridge_balance_mohm": 14.9572649002075,
    "id": 477138688,
    "leak_pa": -1.4575412273407,
    "num_spikes": 2,
    "peak_deflection": 0.0,
    "post_noise_rms_mv": 0.0379392094910145,
    "post_vm_mv": -71.5166778564453,
    "pre_noise_rms_mv": 0.0370147712528706,
    "pre_vm_mv": -71.7113037109375,
    "slow_noise_rms_mv": 0.286874234676361,
    "slow_vm_mv": -71.7113037109375,
    "specimen_id": 477127614,
    "stimulus_absolute_amplitude": 30.0000024822111,
    "stimulus_description": "C1LSCOARSE150216[7]",
    "stimulus_duration": 0.999995,
    "stimulus_interval": null,
    "stimulus_name": "Long Square",
    "stimulus_relative_amplitude": 1.0,
    "stimulus_start_time": 1.02,
    "stimulus_units": "Amps",
    "sweep_number": 28,
    "vm_delta_mv": 0.194625854492188
  },
  {
    "bridge_balance_mohm": 14.9572649002075,
    "id": 477138750,
    "leak_pa": 23.0671730041504,
    "num_spikes": null,
    "peak_deflection": 0.0,
    "post_noise_rms_mv": 0.0316339507699013,
    "post_vm_mv": -71.3681106567383,
    "pre_noise_rms_mv": 0.0361099988222122,
    "pre_vm_mv": -71.612548828125,
    "slow_noise_rms_mv": 0.139925807714462,
    "slow_vm_mv": -71.612548828125,
    "specimen_id": 477127614,
    "stimulus_absolute_amplitude": 69.9999988529321,
    "stimulus_description": "C2SQRHELNG150216[0]",
    "stimulus_duration": 1.999995,
    "stimulus_interval": null,
    "stimulus_name": "Square - 2s Suprathreshold",
    "stimulus_relative_amplitude": 0.7,
    "stimulus_start_time": 1.02,
    "stimulus_units": "Amps",
    "sweep_number": 56,
    "vm_delta_mv": 0.244438171386719
  },
  {
    "bridge_balance_mohm": 14.9572649002075,
    "id": 477138764,
    "leak_pa": 22.4968299865723,
    "num_spikes": 12,
    "peak_deflection": 0.0,
    "post_noise_rms_mv": 0.0418186597526073,
    "post_vm_mv": -71.7975387573242,
    "pre_noise_rms_mv": 0.0403021946549416,
    "pre_vm_mv": -71.3149566650391,
    "slow_noise_rms_mv": 0.293865650892258,
    "slow_vm_mv": -71.3149566650391,
    "specimen_id": 477127614,
    "stimulus_absolute_amplitude": 129.99999687846,
    "stimulus_description": "C2SQRHELNG150216[0]",
    "stimulus_duration": 1.999995,
    "stimulus_interval": null,
    "stimulus_name": "Square - 2s Suprathreshold",
    "stimulus_relative_amplitude": 1.3,
    "stimulus_start_time": 1.02,
    "stimulus_units": "Amps",
    "sweep_number": 62,
    "vm_delta_mv": 0.482582092285156
  },
  {
    "bridge_balance_mohm": 14.9572649002075,
    "id": 477138708,
    "leak_pa": 11.9771862030029,
    "num_spikes": null,
    "peak_deflection": -62.0000038146973,
    "post_noise_rms_mv": 0.0368597470223904,
    "post_vm_mv": -70.8941955566406,
    "pre_noise_rms_mv": 0.0397830046713352,
    "pre_vm_mv": -71.3641357421875,
    "slow_noise_rms_mv": 0.252743005752563,
    "slow_vm_mv": -71.3641357421875,
    "specimen_id": 477127614,
    "stimulus_absolute_amplitude": 30.0000024822111,
    "stimulus_description": "C1LSFINEST150112[0]",
    "stimulus_duration": 0.999995,
    "stimulus_interval": null,
    "stimulus_name": "Long Square",
    "stimulus_relative_amplitude": 0.3,
    "stimulus_start_time": 1.02,
    "stimulus_units": "Amps",
    "sweep_number": 37,
    "vm_delta_mv": 0.469940185546875
  },
  {
    "bridge_balance_mohm": 14.9572649002075,
    "id": 477138754,
    "leak_pa": 23.0671730041504,
    "num_spikes": 1,
    "peak_deflection": 0.0,
    "post_noise_rms_mv": 0.0381603166460991,
    "post_vm_mv": -70.9367370605469,
    "pre_noise_rms_mv": 0.0356856882572174,
    "pre_vm_mv": -71.2549667358398,
    "slow_noise_rms_mv": 0.171700015664101,
    "slow_vm_mv": -71.2549667358398,
    "specimen_id": 477127614,
    "stimulus_absolute_amplitude": 90.0000005077395,
    "stimulus_description": "C2SQRHELNG150216[0]",
    "stimulus_duration": 1.999995,
    "stimulus_interval": null,
    "stimulus_name": "Square - 2s Suprathreshold",
    "stimulus_relative_amplitude": 0.9,
    "stimulus_start_time": 1.02,
    "stimulus_units": "Amps",
    "sweep_number": 58,
    "vm_delta_mv": 0.318229675292969
  },
  {
    "bridge_balance_mohm": 0.0,
    "id": 477138646,
    "leak_pa": 0.0,
    "num_spikes": 0,
    "peak_deflection": 0.0,
    "post_noise_rms_mv": 0.0,
    "post_vm_mv": 0.0,
    "pre_noise_rms_mv": 0.0,
    "pre_vm_mv": 0.0,
    "slow_noise_rms_mv": 0.0,
    "slow_vm_mv": 0.0,
    "specimen_id": 477127614,
    "stimulus_absolute_amplitude": 9.99999977648258,
    "stimulus_description": "EXTPSMOKET141203[0]",
    "stimulus_duration": 0.069995,
    "stimulus_interval": 0.05,
    "stimulus_name": "Test",
    "stimulus_relative_amplitude": 1.0,
    "stimulus_start_time": 0.03,
    "stimulus_units": "Volts",
    "sweep_number": 0,
    "vm_delta_mv": 0.0
  },
  {
    "bridge_balance_mohm": 14.9572649002075,
    "id": 477138654,
    "leak_pa": -4.37262392044067,
    "num_spikes": 1,
    "peak_deflection": 0.0,
    "post_noise_rms_mv": 0.0423045121133327,
    "post_vm_mv": -75.0379333496094,
    "pre_noise_rms_mv": 0.0322250127792358,
    "pre_vm_mv": -74.7971267700195,
    "slow_noise_rms_mv": 0.21258120238781,
    "slow_vm_mv": -74.7971267700195,
    "specimen_id": 477127614,
    "stimulus_absolute_amplitude": 499.999985859034,
    "stimulus_description": "C1SSCOARSE150112[4]",
    "stimulus_duration": 0.002995,
    "stimulus_interval": null,
    "stimulus_name": "Short Square",
    "stimulus_relative_amplitude": 1.0,
    "stimulus_start_time": 1.02,
    "stimulus_units": "Amps",
    "sweep_number": 12,
    "vm_delta_mv": 0.240806579589844
  },
  {
    "bridge_balance_mohm": 14.9572649002075,
    "id": 477138706,
    "leak_pa": 9.94930267333984,
    "num_spikes": null,
    "peak_deflection": -65.4375,
    "post_noise_rms_mv": 0.0491126738488674,
    "post_vm_mv": -72.1805191040039,
    "pre_noise_rms_mv": 0.0409425757825375,
    "pre_vm_mv": -71.3583831787109,
    "slow_noise_rms_mv": 0.497602641582489,
    "slow_vm_mv": -71.3583831787109,
    "specimen_id": 477127614,
    "stimulus_absolute_amplitude": 19.9999999200839,
    "stimulus_description": "C1LSFINEST150112[0]",
    "stimulus_duration": 0.999995,
    "stimulus_interval": null,
    "stimulus_name": "Long Square",
    "stimulus_relative_amplitude": 0.2,
    "stimulus_start_time": 1.02,
    "stimulus_units": "Amps",
    "sweep_number": 36,
    "vm_delta_mv": 0.822135925292969
  },
  {
    "bridge_balance_mohm": 14.9572649002075,
    "id": 477138656,
    "leak_pa": -2.47148275375366,
    "num_spikes": 1,
    "peak_deflection": 0.0,
    "post_noise_rms_mv": 0.036282617598772,
    "post_vm_mv": -73.7900314331055,
    "pre_noise_rms_mv": 0.0371873416006565,
    "pre_vm_mv": -73.7027587890625,
    "slow_noise_rms_mv": 0.182514324784279,
    "slow_vm_mv": -73.7027587890625,
    "specimen_id": 477127614,
    "stimulus_absolute_amplitude": 450.000009477591,
    "stimulus_description": "C1SSFINEST150112[0]",
    "stimulus_duration": 0.002995,
    "stimulus_interval": null,
    "stimulus_name": "Short Square",
    "stimulus_relative_amplitude": 4.5,
    "stimulus_start_time": 1.02,
    "stimulus_units": "Amps",
    "sweep_number": 13,
    "vm_delta_mv": 0.0872726440429688
  },
  {
    "bridge_balance_mohm": 14.9572649002075,
    "id": 477138664,
    "leak_pa": -10.8365020751953,
    "num_spikes": null,
    "peak_deflection": 0.0,
    "post_noise_rms_mv": 0.0350556299090385,
    "post_vm_mv": -77.8606872558594,
    "pre_noise_rms_mv": 0.0362483114004135,
    "pre_vm_mv": -77.9536361694336,
    "slow_noise_rms_mv": 0.212503418326378,
    "slow_vm_mv": -77.9536361694336,
    "specimen_id": 477127614,
    "stimulus_absolute_amplitude": 450.000009477591,
    "stimulus_description": "C1SSFINEST150112[0]",
    "stimulus_duration": 0.002995,
    "stimulus_interval": null,
    "stimulus_name": "Short Square",
    "stimulus_relative_amplitude": 4.5,
    "stimulus_start_time": 1.02,
    "stimulus_units": "Amps",
    "sweep_number": 17,
    "vm_delta_mv": 0.0929489135742188
  },
  {
    "bridge_balance_mohm": 14.9572649002075,
    "id": 477138694,
    "leak_pa": -0.380228132009506,
    "num_spikes": 16,
    "peak_deflection": 0.0,
    "post_noise_rms_mv": 0.0327209867537022,
    "post_vm_mv": -73.5083084106445,
    "pre_noise_rms_mv": 0.0289602223783731,
    "pre_vm_mv": -73.2826843261719,
    "slow_noise_rms_mv": 0.258232831954956,
    "slow_vm_mv": -73.2826843261719,
    "specimen_id": 477127614,
    "stimulus_absolute_amplitude": 69.9999988529321,
    "stimulus_description": "C1LSCOARSE150216[9]",
    "stimulus_duration": 0.999995,
    "stimulus_interval": null,
    "stimulus_name": "Long Square",
    "stimulus_relative_amplitude": 1.0,
    "stimulus_start_time": 1.02,
    "stimulus_units": "Amps",
    "sweep_number": 30,
    "vm_delta_mv": 0.225624084472656
  },
  {
    "bridge_balance_mohm": 14.9572649002075,
    "id": 477138728,
    "leak_pa": 24.8415718078613,
    "num_spikes": 32,
    "peak_deflection": 0.0,
    "post_noise_rms_mv": 0.0340405628085136,
    "post_vm_mv": -70.1210098266602,
    "pre_noise_rms_mv": 0.0398559831082821,
    "pre_vm_mv": -71.1058349609375,
    "slow_noise_rms_mv": 0.38182720541954,
    "slow_vm_mv": -71.1058349609375,
    "specimen_id": 477127614,
    "stimulus_absolute_amplitude": 139.125003184581,
    "stimulus_description": "C1NSSEED_1150216[0]",
    "stimulus_duration": 18.999995,
    "stimulus_interval": 8.0,
    "stimulus_name": "Noise 1",
    "stimulus_relative_amplitude": 0.6,
    "stimulus_start_time": 2.02,
    "stimulus_units": "Amps",
    "sweep_number": 46,
    "vm_delta_mv": 0.984825134277344
  },
  {
    "bridge_balance_mohm": 14.9572649002075,
    "id": 477138672,
    "leak_pa": -3.54879593849182,
    "num_spikes": 1,
    "peak_deflection": 0.0,
    "post_noise_rms_mv": 0.0370828919112682,
    "post_vm_mv": -72.523551940918,
    "pre_noise_rms_mv": 0.0391512513160706,
    "pre_vm_mv": -72.9394378662109,
    "slow_noise_rms_mv": 0.31739741563797,
    "slow_vm_mv": -72.9394378662109,
    "specimen_id": 477127614,
    "stimulus_absolute_amplitude": 450.000009477591,
    "stimulus_description": "C1SSFINEST150112[0]",
    "stimulus_duration": 0.002995,
    "stimulus_interval": null,
    "stimulus_name": "Short Square",
    "stimulus_relative_amplitude": 4.5,
    "stimulus_start_time": 1.02,
    "stimulus_units": "Amps",
    "sweep_number": 20,
    "vm_delta_mv": 0.415885925292969
  },
  {
    "bridge_balance_mohm": 0.0,
    "id": 477138670,
    "leak_pa": 0.0,
    "num_spikes": 0,
    "peak_deflection": 0.0,
    "post_noise_rms_mv": 0.0,
    "post_vm_mv": 0.0,
    "pre_noise_rms_mv": 0.0,
    "pre_vm_mv": 0.0,
    "slow_noise_rms_mv": 0.0,
    "slow_vm_mv": 0.0,
    "specimen_id": 477127614,
    "stimulus_absolute_amplitude": 9.99999977648258,
    "stimulus_description": "EXTPCllATT141203[0]",
    "stimulus_duration": 0.069995,
    "stimulus_interval": 0.05,
    "stimulus_name": "Test",
    "stimulus_relative_amplitude": 1.0,
    "stimulus_start_time": 0.03,
    "stimulus_units": "Volts",
    "sweep_number": 2,
    "vm_delta_mv": 0.0
  },
  {
    "bridge_balance_mohm": 14.9572649002075,
    "id": 477138738,
    "leak_pa": 23.1939163208008,
    "num_spikes": 19,
    "peak_deflection": 0.0,
    "post_noise_rms_mv": 0.0358633697032928,
    "post_vm_mv": -72.4037170410156,
    "pre_noise_rms_mv": 0.0365585796535015,
    "pre_vm_mv": -72.1031951904297,
    "slow_noise_rms_mv": 0.260533571243286,
    "slow_vm_mv": -72.1031951904297,
    "specimen_id": 477127614,
    "stimulus_absolute_amplitude": 139.125003184581,
    "stimulus_description": "C1NSSEED_1150216[0]",
    "stimulus_duration": 18.999995,
    "stimulus_interval": 8.0,
    "stimulus_name": "Noise 1",
    "stimulus_relative_amplitude": 0.6,
    "stimulus_start_time": 2.02,
    "stimulus_units": "Amps",
    "sweep_number": 50,
    "vm_delta_mv": 0.300521850585938
  },
  {
    "bridge_balance_mohm": 14.9572649002075,
    "id": 477138722,
    "leak_pa": 13.371356010437,
    "num_spikes": 3,
    "peak_deflection": 0.0,
    "post_noise_rms_mv": 0.0385648757219315,
    "post_vm_mv": -70.6596298217773,
    "pre_noise_rms_mv": 0.0375598929822445,
    "pre_vm_mv": -70.508056640625,
    "slow_noise_rms_mv": 0.328425347805023,
    "slow_vm_mv": -70.508056640625,
    "specimen_id": 477127614,
    "stimulus_absolute_amplitude": 60.0000049644223,
    "stimulus_description": "C1LSFINEST150112[0]",
    "stimulus_duration": 0.999995,
    "stimulus_interval": null,
    "stimulus_name": "Long Square",
    "stimulus_relative_amplitude": 0.6,
    "stimulus_start_time": 1.02,
    "stimulus_units": "Amps",
    "sweep_number": 43,
    "vm_delta_mv": 0.151573181152344
  },
  {
    "bridge_balance_mohm": 14.9572649002075,
    "id": 477138772,
    "leak_pa": 26.4892272949219,
    "num_spikes": 21,
    "peak_deflection": 0.0,
    "post_noise_rms_mv": 0.0339418388903141,
    "post_vm_mv": -72.5981369018555,
    "pre_noise_rms_mv": 0.0304529126733541,
    "pre_vm_mv": -71.9745330810547,
    "slow_noise_rms_mv": 0.182268664240837,
    "slow_vm_mv": -71.9745330810547,
    "specimen_id": 477127614,
    "stimulus_absolute_amplitude": 170.000000188075,
    "stimulus_description": "C2SQRHELNG150216[0]",
    "stimulus_duration": 1.999995,
    "stimulus_interval": null,
    "stimulus_name": "Square - 2s Suprathreshold",
    "stimulus_relative_amplitude": 1.7,
    "stimulus_start_time": 1.02,
    "stimulus_units": "Amps",
    "sweep_number": 66,
    "vm_delta_mv": 0.623603820800781
  },
  {
    "bridge_balance_mohm": 14.9572649002075,
    "id": 477138678,
    "leak_pa": -1.4575412273407,
    "num_spikes": null,
    "peak_deflection": -101.906257629395,
    "post_noise_rms_mv": 0.0389054194092751,
    "post_vm_mv": -71.8273468017578,
    "pre_noise_rms_mv": 0.0408493839204311,
    "pre_vm_mv": -71.6780471801758,
    "slow_noise_rms_mv": 0.27994567155838,
    "slow_vm_mv": -71.6780471801758,
    "specimen_id": 477127614,
    "stimulus_absolute_amplitude": -69.9999988529321,
    "stimulus_description": "C1LSCOARSE150216[2]",
    "stimulus_duration": 0.999995,
    "stimulus_interval": null,
    "stimulus_name": "Long Square",
    "stimulus_relative_amplitude": 1.0,
    "stimulus_start_time": 1.02,
    "stimulus_units": "Amps",
    "sweep_number": 23,
    "vm_delta_mv": 0.149299621582031
  },
  {
    "bridge_balance_mohm": 14.9572649002075,
    "id": 477138797,
    "leak_pa": -10.3929023742676,
    "num_spikes": null,
    "peak_deflection": 0.0,
    "post_noise_rms_mv": 0.0379112288355827,
    "post_vm_mv": -70.7019271850586,
    "pre_noise_rms_mv": 0.0365937687456608,
    "pre_vm_mv": -70.573600769043,
    "slow_noise_rms_mv": 0.310662060976028,
    "slow_vm_mv": -70.573600769043,
    "specimen_id": 477127614,
    "stimulus_absolute_amplitude": 200.000002670286,
    "stimulus_description": "C1SSCOARSE150112[1]",
    "stimulus_duration": 0.002995,
    "stimulus_interval": null,
    "stimulus_name": "Short Square",
    "stimulus_relative_amplitude": 1.0,
    "stimulus_start_time": 1.02,
    "stimulus_units": "Amps",
    "sweep_number": 9,
    "vm_delta_mv": 0.128326416015625
  },
  {
    "bridge_balance_mohm": 14.9572649002075,
    "id": 477138770,
    "leak_pa": 24.6514587402344,
    "num_spikes": 7,
    "peak_deflection": 0.0,
    "post_noise_rms_mv": 0.0331166386604309,
    "post_vm_mv": -71.6660079956055,
    "pre_noise_rms_mv": 0.0373150818049908,
    "pre_vm_mv": -71.7578582763672,
    "slow_noise_rms_mv": 0.183495163917542,
    "slow_vm_mv": -71.7578582763672,
    "specimen_id": 477127614,
    "stimulus_absolute_amplitude": 129.99999687846,
    "stimulus_description": "C2SQRHELNG150216[0]",
    "stimulus_duration": 1.999995,
    "stimulus_interval": null,
    "stimulus_name": "Square - 2s Suprathreshold",
    "stimulus_relative_amplitude": 1.3,
    "stimulus_start_time": 1.02,
    "stimulus_units": "Amps",
    "sweep_number": 65,
    "vm_delta_mv": 0.0918502807617188
  },
  {
    "bridge_balance_mohm": 14.9572649002075,
    "id": 477138789,
    "leak_pa": 31.6856784820557,
    "num_spikes": 0,
    "peak_deflection": 0.0,
    "post_noise_rms_mv": 0.0,
    "post_vm_mv": 0.0,
    "pre_noise_rms_mv": 0.0,
    "pre_vm_mv": 0.0,
    "slow_noise_rms_mv": 0.0,
    "slow_vm_mv": 0.0,
    "specimen_id": 477127614,
    "stimulus_absolute_amplitude": 9.99999977648258,
    "stimulus_description": "EXTPEXPEND141203[0]",
    "stimulus_duration": 0.069995,
    "stimulus_interval": 0.05,
    "stimulus_name": "Test",
    "stimulus_relative_amplitude": 1.0,
    "stimulus_start_time": 0.03,
    "stimulus_units": "Volts",
    "sweep_number": 73,
    "vm_delta_mv": 0.0
  },
  {
    "bridge_balance_mohm": 14.9572649002075,
    "id": 477138720,
    "leak_pa": 9.94930267333984,
    "num_spikes": 1,
    "peak_deflection": 0.0,
    "post_noise_rms_mv": 0.0386515185236931,
    "post_vm_mv": -71.8308715820312,
    "pre_noise_rms_mv": 0.0344675369560719,
    "pre_vm_mv": -71.6456527709961,
    "slow_noise_rms_mv": 0.391843974590302,
    "slow_vm_mv": -71.6456527709961,
    "specimen_id": 477127614,
    "stimulus_absolute_amplitude": 60.0000049644223,
    "stimulus_description": "C1LSFINEST150112[0]",
    "stimulus_duration": 0.999995,
    "stimulus_interval": null,
    "stimulus_name": "Long Square",
    "stimulus_relative_amplitude": 0.6,
    "stimulus_start_time": 1.02,
    "stimulus_units": "Amps",
    "sweep_number": 42,
    "vm_delta_mv": 0.185218811035156
  },
  {
    "bridge_balance_mohm": 14.9572649002075,
    "id": 477138732,
    "leak_pa": 15.5893545150757,
    "num_spikes": 19,
    "peak_deflection": 0.0,
    "post_noise_rms_mv": 0.0430569648742676,
    "post_vm_mv": -72.5472869873047,
    "pre_noise_rms_mv": 0.0358714498579502,
    "pre_vm_mv": -71.9419326782227,
    "slow_noise_rms_mv": 0.294520646333694,
    "slow_vm_mv": -71.9419326782227,
    "specimen_id": 477127614,
    "stimulus_absolute_amplitude": 139.125003184581,
    "stimulus_description": "C1NSSEED_1150216[0]",
    "stimulus_duration": 18.999995,
    "stimulus_interval": 8.0,
    "stimulus_name": "Noise 1",
    "stimulus_relative_amplitude": 0.6,
    "stimulus_start_time": 2.02,
    "stimulus_units": "Amps",
    "sweep_number": 48,
    "vm_delta_mv": 0.605354309082031
  },
  {
    "bridge_balance_mohm": 14.9572649002075,
    "id": 477138781,
    "leak_pa": -18.3143215179443,
    "num_spikes": 7,
    "peak_deflection": 0.0,
    "post_noise_rms_mv": 0.0,
    "post_vm_mv": 0.0,
    "pre_noise_rms_mv": 0.0335397087037563,
    "pre_vm_mv": -74.2592315673828,
    "slow_noise_rms_mv": 0.452702224254608,
    "slow_vm_mv": -74.2592315673828,
    "specimen_id": 477127614,
    "stimulus_absolute_amplitude": 800.000010681146,
    "stimulus_description": "C1RP25PR1S141203[0]",
    "stimulus_duration": 31.997495,
    "stimulus_interval": null,
    "stimulus_name": "Ramp",
    "stimulus_relative_amplitude": 1.0,
    "stimulus_start_time": 1.0225,
    "stimulus_units": "Amps",
    "sweep_number": 7,
    "vm_delta_mv": 0.0
  },
  {
    "bridge_balance_mohm": 14.9572649002075,
    "id": 477138762,
    "leak_pa": 20.6590614318848,
    "num_spikes": null,
    "peak_deflection": 0.0,
    "post_noise_rms_mv": 0.0404117703437805,
    "post_vm_mv": -72.1566467285156,
    "pre_noise_rms_mv": 0.0363250747323036,
    "pre_vm_mv": -71.3778533935547,
    "slow_noise_rms_mv": 0.434998005628586,
    "slow_vm_mv": -71.3778533935547,
    "specimen_id": 477127614,
    "stimulus_absolute_amplitude": 90.0000005077395,
    "stimulus_description": "C2SQRHELNG150216[0]",
    "stimulus_duration": 1.999995,
    "stimulus_interval": null,
    "stimulus_name": "Square - 2s Suprathreshold",
    "stimulus_relative_amplitude": 0.9,
    "stimulus_start_time": 1.02,
    "stimulus_units": "Amps",
    "sweep_number": 61,
    "vm_delta_mv": 0.778793334960938
  },
  {
    "bridge_balance_mohm": 14.9572649002075,
    "id": 477138690,
    "leak_pa": -6.33713579177856,
    "num_spikes": 7,
    "peak_deflection": 0.0,
    "post_noise_rms_mv": 0.0388505794107914,
    "post_vm_mv": -76.0837631225586,
    "pre_noise_rms_mv": 0.0342112630605698,
    "pre_vm_mv": -75.7881774902344,
    "slow_noise_rms_mv": 0.320089846849442,
    "slow_vm_mv": -75.7881774902344,
    "specimen_id": 477127614,
    "stimulus_absolute_amplitude": 50.0000006675716,
    "stimulus_description": "C1LSCOARSE150216[8]",
    "stimulus_duration": 0.999995,
    "stimulus_interval": null,
    "stimulus_name": "Long Square",
    "stimulus_relative_amplitude": 1.0,
    "stimulus_start_time": 1.02,
    "stimulus_units": "Amps",
    "sweep_number": 29,
    "vm_delta_mv": 0.295585632324219
  },
  {
    "bridge_balance_mohm": 14.9572649002075,
    "id": 477138662,
    "leak_pa": -6.0836501121521,
    "num_spikes": 1,
    "peak_deflection": 0.0,
    "post_noise_rms_mv": 0.0349680557847023,
    "post_vm_mv": -74.5724487304688,
    "pre_noise_rms_mv": 0.0362731143832207,
    "pre_vm_mv": -75.0796508789062,
    "slow_noise_rms_mv": 0.110819019377232,
    "slow_vm_mv": -75.0796508789062,
    "specimen_id": 477127614,
    "stimulus_absolute_amplitude": 450.000009477591,
    "stimulus_description": "C1SSFINEST150112[0]",
    "stimulus_duration": 0.002995,
    "stimulus_interval": null,
    "stimulus_name": "Short Square",
    "stimulus_relative_amplitude": 4.5,
    "stimulus_start_time": 1.02,
    "stimulus_units": "Amps",
    "sweep_number": 16,
    "vm_delta_mv": 0.5072021484375
  },
  {
    "bridge_balance_mohm": 14.9572649002075,
    "id": 477138752,
    "leak_pa": 23.0671730041504,
    "num_spikes": null,
    "peak_deflection": 0.0,
    "post_noise_rms_mv": 0.0362964048981667,
    "post_vm_mv": -71.1468811035156,
    "pre_noise_rms_mv": 0.0261673256754875,
    "pre_vm_mv": -71.0527801513672,
    "slow_noise_rms_mv": 0.214050903916359,
    "slow_vm_mv": -71.0527801513672,
    "specimen_id": 477127614,
    "stimulus_absolute_amplitude": 79.9999996803358,
    "stimulus_description": "C2SQRHELNG150216[0]",
    "stimulus_duration": 1.999995,
    "stimulus_interval": null,
    "stimulus_name": "Square - 2s Suprathreshold",
    "stimulus_relative_amplitude": 0.8,
    "stimulus_start_time": 1.02,
    "stimulus_units": "Amps",
    "sweep_number": 57,
    "vm_delta_mv": 0.0941009521484375
  },
  {
    "bridge_balance_mohm": 0.0,
    "id": 477138648,
    "leak_pa": 0.0,
    "num_spikes": 0,
    "peak_deflection": 0.0,
    "post_noise_rms_mv": 0.0,
    "post_vm_mv": 0.0,
    "pre_noise_rms_mv": 0.0,
    "pre_vm_mv": 0.0,
    "slow_noise_rms_mv": 0.0,
    "slow_vm_mv": 0.0,
    "specimen_id": 477127614,
    "stimulus_absolute_amplitude": 9.99999977648258,
    "stimulus_description": "EXTPINBATH141203[0]",
    "stimulus_duration": 0.069995,
    "stimulus_interval": 0.05,
    "stimulus_name": "Test",
    "stimulus_relative_amplitude": 1.0,
    "stimulus_start_time": 0.03,
    "stimulus_units": "Volts",
    "sweep_number": 1,
    "vm_delta_mv": 0.0
  },
  {
    "bridge_balance_mohm": 14.9572649002075,
    "id": 477138726,
    "leak_pa": 21.7363739013672,
    "num_spikes": 29,
    "peak_deflection": 0.0,
    "post_noise_rms_mv": 0.0435004234313965,
    "post_vm_mv": -71.2719955444336,
    "pre_noise_rms_mv": 0.0413113459944725,
    "pre_vm_mv": -72.0275802612305,
    "slow_noise_rms_mv": 0.319798946380615,
    "slow_vm_mv": -72.0275802612305,
    "specimen_id": 477127614,
    "stimulus_absolute_amplitude": 141.500006156647,
    "stimulus_description": "C1NSSEED_2150216[0]",
    "stimulus_duration": 18.999995,
    "stimulus_interval": 8.0,
    "stimulus_name": "Noise 2",
    "stimulus_relative_amplitude": 0.6,
    "stimulus_start_time": 2.02,
    "stimulus_units": "Amps",
    "sweep_number": 45,
    "vm_delta_mv": 0.755584716796875
  },
  {
    "bridge_balance_mohm": 14.9572649002075,
    "id": 477138702,
    "leak_pa": 2.15462613105774,
    "num_spikes": 33,
    "peak_deflection": 0.0,
    "post_noise_rms_mv": 0.0365634821355343,
    "post_vm_mv": -73.0426483154297,
    "pre_noise_rms_mv": 0.0397877506911755,
    "pre_vm_mv": -72.1918258666992,
    "slow_noise_rms_mv": 0.357994824647903,
    "slow_vm_mv": -72.1918258666992,
    "specimen_id": 477127614,
    "stimulus_absolute_amplitude": 149.999998533268,
    "stimulus_description": "C1LSCOARSE150216[13]",
    "stimulus_duration": 0.999995,
    "stimulus_interval": null,
    "stimulus_name": "Long Square",
    "stimulus_relative_amplitude": 1.0,
    "stimulus_start_time": 1.02,
    "stimulus_units": "Amps",
    "sweep_number": 34,
    "vm_delta_mv": 0.850822448730469
  },
  {
    "bridge_balance_mohm": 0.0,
    "id": 477138692,
    "leak_pa": 0.0,
    "num_spikes": 0,
    "peak_deflection": 0.0,
    "post_noise_rms_mv": 0.0,
    "post_vm_mv": 0.0,
    "pre_noise_rms_mv": 0.0,
    "pre_vm_mv": 0.0,
    "slow_noise_rms_mv": 0.0,
    "slow_vm_mv": 0.0,
    "specimen_id": 477127614,
    "stimulus_absolute_amplitude": 9.99999977648258,
    "stimulus_description": "EXTPBREAKN141203[0]",
    "stimulus_duration": 0.069995,
    "stimulus_interval": 0.05,
    "stimulus_name": "Test",
    "stimulus_relative_amplitude": 1.0,
    "stimulus_start_time": 0.03,
    "stimulus_units": "Volts",
    "sweep_number": 3,
    "vm_delta_mv": 0.0
  },
  {
    "bridge_balance_mohm": 14.9572649002075,
    "id": 477138766,
    "leak_pa": 22.4968299865723,
    "num_spikes": 8,
    "peak_deflection": 0.0,
    "post_noise_rms_mv": 0.0323078073561192,
    "post_vm_mv": -72.2531356811523,
    "pre_noise_rms_mv": 0.033307034522295,
    "pre_vm_mv": -71.8381729125977,
    "slow_noise_rms_mv": 0.163610830903053,
    "slow_vm_mv": -71.8381729125977,
    "specimen_id": 477127614,
    "stimulus_absolute_amplitude": 129.99999687846,
    "stimulus_description": "C2SQRHELNG150216[0]",
    "stimulus_duration": 1.999995,
    "stimulus_interval": null,
    "stimulus_name": "Square - 2s Suprathreshold",
    "stimulus_relative_amplitude": 1.3,
    "stimulus_start_time": 1.02,
    "stimulus_units": "Amps",
    "sweep_number": 63,
    "vm_delta_mv": 0.414962768554688
  },
  {
    "bridge_balance_mohm": 14.9572649002075,
    "id": 477138710,
    "leak_pa": 8.55513286590576,
    "num_spikes": null,
    "peak_deflection": -59.5,
    "post_noise_rms_mv": 0.034088522195816,
    "post_vm_mv": -71.6667938232422,
    "pre_noise_rms_mv": 0.0459109134972095,
    "pre_vm_mv": -72.441780090332,
    "slow_noise_rms_mv": 0.454776078462601,
    "slow_vm_mv": -72.441780090332,
    "specimen_id": 477127614,
    "stimulus_absolute_amplitude": 39.9999998401679,
    "stimulus_description": "C1LSFINEST150112[0]",
    "stimulus_duration": 0.999995,
    "stimulus_interval": null,
    "stimulus_name": "Long Square",
    "stimulus_relative_amplitude": 0.4,
    "stimulus_start_time": 1.02,
    "stimulus_units": "Amps",
    "sweep_number": 38,
    "vm_delta_mv": 0.774986267089844
  },
  {
    "bridge_balance_mohm": 14.9572649002075,
    "id": 477138682,
    "leak_pa": -1.4575412273407,
    "num_spikes": null,
    "peak_deflection": -86.8125,
    "post_noise_rms_mv": 0.0368730947375298,
    "post_vm_mv": -71.2223663330078,
    "pre_noise_rms_mv": 0.0315936617553234,
    "pre_vm_mv": -71.593994140625,
    "slow_noise_rms_mv": 0.195956349372864,
    "slow_vm_mv": -71.593994140625,
    "specimen_id": 477127614,
    "stimulus_absolute_amplitude": -30.0000024822111,
    "stimulus_description": "C1LSCOARSE150216[4]",
    "stimulus_duration": 0.999995,
    "stimulus_interval": null,
    "stimulus_name": "Long Square",
    "stimulus_relative_amplitude": 1.0,
    "stimulus_start_time": 1.02,
    "stimulus_units": "Amps",
    "sweep_number": 25,
    "vm_delta_mv": 0.371627807617188
  },
  {
    "bridge_balance_mohm": 14.9572649002075,
    "id": 477138704,
    "leak_pa": 7.09759187698364,
    "num_spikes": 37,
    "peak_deflection": 0.0,
    "post_noise_rms_mv": 0.0401558987796307,
    "post_vm_mv": -72.5120620727539,
    "pre_noise_rms_mv": 0.0377394370734692,
    "pre_vm_mv": -71.7530822753906,
    "slow_noise_rms_mv": 0.229747176170349,
    "slow_vm_mv": -71.7530822753906,
    "specimen_id": 477127614,
    "stimulus_absolute_amplitude": 170.000000188075,
    "stimulus_description": "C1LSCOARSE150216[14]",
    "stimulus_duration": 0.999995,
    "stimulus_interval": null,
    "stimulus_name": "Long Square",
    "stimulus_relative_amplitude": 1.0,
    "stimulus_start_time": 1.02,
    "stimulus_units": "Amps",
    "sweep_number": 35,
    "vm_delta_mv": 0.758979797363281
  },
  {
    "bridge_balance_mohm": 14.9572649002075,
    "id": 477138760,
    "leak_pa": 20.6590614318848,
    "num_spikes": 1,
    "peak_deflection": 0.0,
    "post_noise_rms_mv": 0.0280871633440256,
    "post_vm_mv": -71.1045532226562,
    "pre_noise_rms_mv": 0.0330019034445286,
    "pre_vm_mv": -71.9641723632812,
    "slow_noise_rms_mv": 0.293075978755951,
    "slow_vm_mv": -71.9641723632812,
    "specimen_id": 477127614,
    "stimulus_absolute_amplitude": 90.0000005077395,
    "stimulus_description": "C2SQRHELNG150216[0]",
    "stimulus_duration": 1.999995,
    "stimulus_interval": null,
    "stimulus_name": "Square - 2s Suprathreshold",
    "stimulus_relative_amplitude": 0.9,
    "stimulus_start_time": 1.02,
    "stimulus_units": "Amps",
    "sweep_number": 60,
    "vm_delta_mv": 0.859619140625
  },
  {
    "bridge_balance_mohm": 14.9572649002075,
    "id": 477138787,
    "leak_pa": 31.6856784820557,
    "num_spikes": 28,
    "peak_deflection": 0.0,
    "post_noise_rms_mv": 0.0441132374107838,
    "post_vm_mv": -71.4182052612305,
    "pre_noise_rms_mv": 0.0401105955243111,
    "pre_vm_mv": -71.2761840820312,
    "slow_noise_rms_mv": 0.225789278745651,
    "slow_vm_mv": -71.2761840820312,
    "specimen_id": 477127614,
    "stimulus_absolute_amplitude": 304.999997480238,
    "stimulus_description": "C2NSRMPRH2150216[0]",
    "stimulus_duration": 31.999965,
    "stimulus_interval": null,
    "stimulus_name": "Ramp to Rheobase",
    "stimulus_relative_amplitude": 0.9,
    "stimulus_start_time": 2.02003,
    "stimulus_units": "Amps",
    "sweep_number": 72,
    "vm_delta_mv": 0.142021179199219
  },
  {
    "bridge_balance_mohm": 14.9572649002075,
    "id": 477138652,
    "leak_pa": -10.3929023742676,
    "num_spikes": null,
    "peak_deflection": 0.0,
    "post_noise_rms_mv": 0.0465508140623569,
    "post_vm_mv": -78.1919021606445,
    "pre_noise_rms_mv": 0.0368002243340015,
    "pre_vm_mv": -78.1519622802734,
    "slow_noise_rms_mv": 0.107910297811031,
    "slow_vm_mv": -78.1519622802734,
    "specimen_id": 477127614,
    "stimulus_absolute_amplitude": 400.000005340573,
    "stimulus_description": "C1SSCOARSE150112[3]",
    "stimulus_duration": 0.002995,
    "stimulus_interval": null,
    "stimulus_name": "Short Square",
    "stimulus_relative_amplitude": 1.0,
    "stimulus_start_time": 1.02,
    "stimulus_units": "Amps",
    "sweep_number": 11,
    "vm_delta_mv": 0.0399398803710938
  },
  {
    "bridge_balance_mohm": 14.9572649002075,
    "id": 477138668,
    "leak_pa": -7.28770589828491,
    "num_spikes": 1,
    "peak_deflection": 0.0,
    "post_noise_rms_mv": 0.0328032113611698,
    "post_vm_mv": -75.784049987793,
    "pre_noise_rms_mv": 0.0345547646284103,
    "pre_vm_mv": -75.5887985229492,
    "slow_noise_rms_mv": 0.210027173161507,
    "slow_vm_mv": -75.5887985229492,
    "specimen_id": 477127614,
    "stimulus_absolute_amplitude": 450.000009477591,
    "stimulus_description": "C1SSFINEST150112[0]",
    "stimulus_duration": 0.002995,
    "stimulus_interval": null,
    "stimulus_name": "Short Square",
    "stimulus_relative_amplitude": 4.5,
    "stimulus_start_time": 1.02,
    "stimulus_units": "Amps",
    "sweep_number": 19,
    "vm_delta_mv": 0.19525146484375
  },
  {
    "bridge_balance_mohm": 14.9572649002075,
    "id": 477138712,
    "leak_pa": 5.89353609085083,
    "num_spikes": null,
    "peak_deflection": -54.6562538146973,
    "post_noise_rms_mv": 0.0339140221476555,
    "post_vm_mv": -72.2389068603516,
    "pre_noise_rms_mv": 0.0404866635799408,
    "pre_vm_mv": -71.9367065429688,
    "slow_noise_rms_mv": 0.303607493638992,
    "slow_vm_mv": -71.9367065429688,
    "specimen_id": 477127614,
    "stimulus_absolute_amplitude": 50.0000006675716,
    "stimulus_description": "C1LSFINEST150112[0]",
    "stimulus_duration": 0.999995,
    "stimulus_interval": null,
    "stimulus_name": "Long Square",
    "stimulus_relative_amplitude": 0.5,
    "stimulus_start_time": 1.02,
    "stimulus_units": "Amps",
    "sweep_number": 39,
    "vm_delta_mv": 0.302200317382812
  },
  {
    "bridge_balance_mohm": 14.9572649002075,
    "id": 477138716,
    "leak_pa": 5.89353609085083,
    "num_spikes": 1,
    "peak_deflection": 0.0,
    "post_noise_rms_mv": 0.0407257564365864,
    "post_vm_mv": -72.7059936523438,
    "pre_noise_rms_mv": 0.0423201993107796,
    "pre_vm_mv": -72.1790771484375,
    "slow_noise_rms_mv": 0.383746773004532,
    "slow_vm_mv": -72.1790771484375,
    "specimen_id": 477127614,
    "stimulus_absolute_amplitude": 60.0000049644223,
    "stimulus_description": "C1LSFINEST150112[0]",
    "stimulus_duration": 0.999995,
    "stimulus_interval": null,
    "stimulus_name": "Long Square",
    "stimulus_relative_amplitude": 0.6,
    "stimulus_start_time": 1.02,
    "stimulus_units": "Amps",
    "sweep_number": 40,
    "vm_delta_mv": 0.52691650390625
  },
  {
    "bridge_balance_mohm": 14.9572649002075,
    "id": 477138734,
    "leak_pa": 15.5893545150757,
    "num_spikes": 17,
    "peak_deflection": 0.0,
    "post_noise_rms_mv": 0.0360015332698822,
    "post_vm_mv": -74.2758331298828,
    "pre_noise_rms_mv": 0.0331176184117794,
    "pre_vm_mv": -73.8364334106445,
    "slow_noise_rms_mv": 0.246245861053467,
    "slow_vm_mv": -73.8364334106445,
    "specimen_id": 477127614,
    "stimulus_absolute_amplitude": 141.500006156647,
    "stimulus_description": "C1NSSEED_2150216[0]",
    "stimulus_duration": 18.999995,
    "stimulus_interval": 8.0,
    "stimulus_name": "Noise 2",
    "stimulus_relative_amplitude": 0.6,
    "stimulus_start_time": 2.02,
    "stimulus_units": "Amps",
    "sweep_number": 49,
    "vm_delta_mv": 0.439399719238281
  },
  {
    "bridge_balance_mohm": 14.9572649002075,
    "id": 477138660,
    "leak_pa": -4.37262392044067,
    "num_spikes": null,
    "peak_deflection": 0.0,
    "post_noise_rms_mv": 0.0333926267921925,
    "post_vm_mv": -74.0716552734375,
    "pre_noise_rms_mv": 0.0354314148426056,
    "pre_vm_mv": -74.6073455810547,
    "slow_noise_rms_mv": 0.181381940841675,
    "slow_vm_mv": -74.6073455810547,
    "specimen_id": 477127614,
    "stimulus_absolute_amplitude": 440.000008650188,
    "stimulus_description": "C1SSFINEST150112[0]",
    "stimulus_duration": 0.002995,
    "stimulus_interval": null,
    "stimulus_name": "Short Square",
    "stimulus_relative_amplitude": 4.4,
    "stimulus_start_time": 1.02,
    "stimulus_units": "Amps",
    "sweep_number": 15,
    "vm_delta_mv": 0.535690307617188
  },
  {
    "bridge_balance_mohm": 14.9572649002075,
    "id": 477138650,
    "leak_pa": -10.3929023742676,
    "num_spikes": null,
    "peak_deflection": 0.0,
    "post_noise_rms_mv": 0.0351471453905106,
    "post_vm_mv": -70.1488265991211,
    "pre_noise_rms_mv": 0.034969124943018,
    "pre_vm_mv": -70.6984176635742,
    "slow_noise_rms_mv": 0.287680149078369,
    "slow_vm_mv": -70.6984176635742,
    "specimen_id": 477127614,
    "stimulus_absolute_amplitude": 299.999997066536,
    "stimulus_description": "C1SSCOARSE150112[2]",
    "stimulus_duration": 0.002995,
    "stimulus_interval": null,
    "stimulus_name": "Short Square",
    "stimulus_relative_amplitude": 1.0,
    "stimulus_start_time": 1.02,
    "stimulus_units": "Amps",
    "sweep_number": 10,
    "vm_delta_mv": 0.549591064453125
  },
  {
    "bridge_balance_mohm": 14.9572649002075,
    "id": 477138740,
    "leak_pa": 25.0950565338135,
    "num_spikes": 15,
    "peak_deflection": 0.0,
    "post_noise_rms_mv": 0.032928291708231,
    "post_vm_mv": -72.6613082885742,
    "pre_noise_rms_mv": 0.0351086631417274,
    "pre_vm_mv": -72.0897064208984,
    "slow_noise_rms_mv": 0.288297981023788,
    "slow_vm_mv": -72.0897064208984,
    "specimen_id": 477127614,
    "stimulus_absolute_amplitude": 141.500006156647,
    "stimulus_description": "C1NSSEED_2150216[0]",
    "stimulus_duration": 18.999995,
    "stimulus_interval": 8.0,
    "stimulus_name": "Noise 2",
    "stimulus_relative_amplitude": 0.6,
    "stimulus_start_time": 2.02,
    "stimulus_units": "Amps",
    "sweep_number": 51,
    "vm_delta_mv": 0.571601867675781
  },
  {
    "bridge_balance_mohm": 14.9572649002075,
    "id": 477138768,
    "leak_pa": 24.6514587402344,
    "num_spikes": 7,
    "peak_deflection": 0.0,
    "post_noise_rms_mv": 0.0378157757222652,
    "post_vm_mv": -70.7518310546875,
    "pre_noise_rms_mv": 0.0367406010627747,
    "pre_vm_mv": -71.4098663330078,
    "slow_noise_rms_mv": 0.181032866239548,
    "slow_vm_mv": -71.4098663330078,
    "specimen_id": 477127614,
    "stimulus_absolute_amplitude": 129.99999687846,
    "stimulus_description": "C2SQRHELNG150216[0]",
    "stimulus_duration": 1.999995,
    "stimulus_interval": null,
    "stimulus_name": "Square - 2s Suprathreshold",
    "stimulus_relative_amplitude": 1.3,
    "stimulus_start_time": 1.02,
    "stimulus_units": "Amps",
    "sweep_number": 64,
    "vm_delta_mv": 0.658035278320312
  }
]