{
  "passive": [
    {
      "ra": 100
    }
  ], 
  "fitting": [
    {
      "junction_potential": -14.0, 
      "sweeps": [
        32
      ]
    }
  ], 
  "conditions": [
    {
      "celsius": 34, 
      "erev": [
        {
          "ena": 53.0, 
          "section": "soma", 
          "ek": -107.0
        }, 
        {
          "ena": 53.0, 
          "section": "axon", 
          "ek": -107.0
        }, 
        {
          "ena": 53.0, 
          "section": "apic", 
          "ek": -107.0
        }, 
        {
          "ena": 53.0, 
          "section": "dend", 
          "ek": -107.0
        }
      ], 
      "v_init": -90
    }
  ], 
  "genome": [
    {
      "section": "soma", 
      "name": "g_pas", 
      "value": "5.38164e-05", 
      "mechanism": ""
    }, 
    {
      "section": "soma", 
      "name": "e_pas", 
      "value": "-101.709", 
      "mechanism": ""
    }, 
    {
      "section": "axon", 
      "name": "g_pas", 
      "value": "0.00069193", 
      "mechanism": ""
    }, 
    {
      "section": "axon", 
      "name": "e_pas", 
      "value": "-74.37", 
      "mechanism": ""
    }, 
    {
      "section": "apic", 
      "name": "g_pas", 
      "value": "1.13997e-05", 
      "mechanism": ""
    }, 
    {
      "section": "apic", 
      "name": "e_pas", 
      "value": "-81.3939", 
      "mechanism": ""
    }, 
    {
      "section": "dend", 
      "name": "g_pas", 
      "value": "0.000141893", 
      "mechanism": ""
    }, 
    {
      "section": "dend", 
      "name": "e_pas", 
      "value": "-100.568", 
      "mechanism": ""
    }, 
    {
      "section": "soma", 
      "name": "cm", 
      "value": "1.83041", 
      "mechanism": ""
    }, 
    {
      "section": "soma", 
      "name": "Ra", 
      "value": "101.2", 
      "mechanism": ""
    }, 
    {
      "section": "axon", 
      "name": "cm", 
      "value": "0.629872", 
      "mechanism": ""
    }, 
    {
      "section": "axon", 
      "name": "Ra", 
      "value": "144.494", 
      "mechanism": ""
    }, 
    {
      "section": "apic", 
      "name": "cm", 
      "value": "0.74463", 
      "mechanism": ""
    }, 
    {
      "section": "apic", 
      "name": "Ra", 
      "value": "100.211", 
      "mechanism": ""
    }, 
    {
      "section": "dend", 
      "name": "cm", 
      "value": "1.00972", 
      "mechanism": ""
    }, 
    {
      "section": "dend", 
      "name": "Ra", 
      "value": "133.304", 
      "mechanism": ""
    }, 
    {
      "section": "axon", 
      "name": "gbar_NaV", 
      "value": "0.0485081", 
      "mechanism": "NaV"
    }, 
    {
      "section": "axon", 
      "name": "gbar_K_T", 
      "value": "0.000933636", 
      "mechanism": "K_T"
    }, 
    {
      "section": "axon", 
      "name": "gbar_Kd", 
      "value": "0.0035172", 
      "mechanism": "Kd"
    }, 
    {
      "section": "axon", 
      "name": "gbar_Kv2like", 
      "value": "0.00134861", 
      "mechanism": "Kv2like"
    }, 
    {
      "section": "axon", 
      "name": "gbar_Kv3_1", 
      "value": "0.410886", 
      "mechanism": "Kv3_1"
    }, 
    {
      "section": "axon", 
      "name": "gbar_SK", 
      "value": "0.00529851", 
      "mechanism": "SK"
    }, 
    {
      "section": "axon", 
      "name": "gbar_Ca_HVA", 
      "value": "8.97695e-05", 
      "mechanism": "Ca_HVA"
    }, 
    {
      "section": "axon", 
      "name": "gbar_Ca_LVA", 
      "value": "0.00849413", 
      "mechanism": "Ca_LVA"
    }, 
    {
      "section": "axon", 
      "name": "gamma_CaDynamics", 
      "value": "0.00247142", 
      "mechanism": "CaDynamics"
    }, 
    {
      "section": "axon", 
      "name": "decay_CaDynamics", 
      "value": "997.263", 
      "mechanism": "CaDynamics"
    }, 
    {
      "section": "soma", 
      "name": "gbar_NaV", 
      "value": "0.02508", 
      "mechanism": "NaV"
    }, 
    {
      "section": "soma", 
      "name": "gbar_SK", 
      "value": "0.00397011", 
      "mechanism": "SK"
    }, 
    {
      "section": "soma", 
      "name": "gbar_Kv3_1", 
      "value": "0.934187", 
      "mechanism": "Kv3_1"
    }, 
    {
      "section": "soma", 
      "name": "gbar_Ca_HVA", 
      "value": "7.59283e-05", 
      "mechanism": "Ca_HVA"
    }, 
    {
      "section": "soma", 
      "name": "gbar_Ca_LVA", 
      "value": "0.00548391", 
      "mechanism": "Ca_LVA"
    }, 
    {
      "section": "soma", 
      "name": "gamma_CaDynamics", 
      "value": "0.00988797", 
      "mechanism": "CaDynamics"
    }, 
    {
      "section": "soma", 
      "name": "decay_CaDynamics", 
      "value": "287.296", 
      "mechanism": "CaDynamics"
    }, 
    {
      "section": "soma", 
      "name": "gbar_Ih", 
      "value": "9.63235e-07", 
      "mechanism": "Ih"
    }, 
    {
      "section": "apic", 
      "name": "gbar_NaV", 
      "value": "0.0162312", 
      "mechanism": "NaV"
    }, 
    {
      "section": "apic", 
      "name": "gbar_Kv3_1", 
      "value": "0.0358377", 
      "mechanism": "Kv3_1"
    }, 
    {
      "section": "apic", 
      "name": "gbar_Im_v2", 
      "value": "0.00998821", 
      "mechanism": "Im_v2"
    }, 
    {
      "section": "apic", 
      "name": "gbar_Ih", 
      "value": "6.41527e-07", 
      "mechanism": "Ih"
    }, 
    {
      "section": "dend", 
      "name": "gbar_NaV", 
      "value": "0.0499848", 
      "mechanism": "NaV"
    }, 
    {
      "section": "dend", 
      "name": "gbar_Kv3_1", 
      "value": "0.00168391", 
      "mechanism": "Kv3_1"
    }, 
    {
      "section": "dend", 
      "name": "gbar_Im_v2", 
      "value": "6.68286e-05", 
      "mechanism": "Im_v2"
    }, 
    {
      "section": "dend", 
      "name": "gbar_Ih", 
      "value": "9.33158e-06", 
      "mechanism": "Ih"
    }
  ]
}