[
  {
    "bridge_balance_mohm": 9.15750885009766,
    "id": 486263775,
    "leak_pa": -60.9099349975586,
    "num_spikes": 7,
    "peak_deflection": null,
    "post_noise_rms_mv": 0.0481484793126583,
    "post_vm_mv": -80.2026519775391,
    "pre_noise_rms_mv": 0.0379714779555798,
    "pre_vm_mv": -80.2013473510742,
    "slow_noise_rms_mv": 0.10926278680563,
    "slow_vm_mv": -80.2013473510742,
    "specimen_id": 486262299,
    "stimulus_absolute_amplitude": 629.999996615282,
    "stimulus_description": "C1LSCOARSE150216[37]",
    "stimulus_duration": 0.999995,
    "stimulus_interval": null,
    "stimulus_name": "Long Square",
    "stimulus_relative_amplitude": 1.0,
    "stimulus_start_time": 1.02,
    "stimulus_units": "Amps",
    "sweep_number": 70,
    "vm_delta_mv": 0.00130462646484375
  },
  {
    "bridge_balance_mohm": 9.15750885009766,
    "id": 486263813,
    "leak_pa": -13.0609712600708,
    "num_spikes": 2,
    "peak_deflection": null,
    "post_noise_rms_mv": 0.0443904884159565,
    "post_vm_mv": -80.5736999511719,
    "pre_noise_rms_mv": 0.0353068932890892,
    "pre_vm_mv": -80.3664093017578,
    "slow_noise_rms_mv": 0.106243275105953,
    "slow_vm_mv": -80.3664093017578,
    "specimen_id": 486262299,
    "stimulus_absolute_amplitude": 519.999987513842,
    "stimulus_description": "C2SQRHELNG150216[0]",
    "stimulus_duration": 1.999995,
    "stimulus_interval": null,
    "stimulus_name": "Square - 2s Suprathreshold",
    "stimulus_relative_amplitude": 5.19999980926514,
    "stimulus_start_time": 1.02,
    "stimulus_units": "Amps",
    "sweep_number": 87,
    "vm_delta_mv": 0.207290649414062
  },
  {
    "bridge_balance_mohm": 9.70695972442627,
    "id": 486263735,
    "leak_pa": -18.8177051544189,
    "num_spikes": null,
    "peak_deflection": -58.5312538146973,
    "post_noise_rms_mv": 0.0412833690643311,
    "post_vm_mv": -77.6786575317383,
    "pre_noise_rms_mv": 0.0385172143578529,
    "pre_vm_mv": -78.2557601928711,
    "slow_noise_rms_mv": 0.0893849581480026,
    "slow_vm_mv": -78.2557601928711,
    "specimen_id": 486262299,
    "stimulus_absolute_amplitude": 230.000005152498,
    "stimulus_description": "C1LSCOARSE150216[17]",
    "stimulus_duration": 0.999995,
    "stimulus_interval": null,
    "stimulus_name": "Long Square",
    "stimulus_relative_amplitude": 1.0,
    "stimulus_start_time": 1.02,
    "stimulus_units": "Amps",
    "sweep_number": 50,
    "vm_delta_mv": 0.577102661132812
  },
  {
    "bridge_balance_mohm": 9.70695972442627,
    "id": 486263719,
    "leak_pa": 27.3599510192871,
    "num_spikes": null,
    "peak_deflection": -72.125,
    "post_noise_rms_mv": 0.0363046489655972,
    "post_vm_mv": -78.4088287353516,
    "pre_noise_rms_mv": 0.0378433987498283,
    "pre_vm_mv": -78.5628280639648,
    "slow_noise_rms_mv": 0.0916410535573959,
    "slow_vm_mv": -78.5628280639648,
    "specimen_id": 486262299,
    "stimulus_absolute_amplitude": 69.9999988529321,
    "stimulus_description": "C1LSCOARSE150216[9]",
    "stimulus_duration": 0.999995,
    "stimulus_interval": null,
    "stimulus_name": "Long Square",
    "stimulus_relative_amplitude": 1.0,
    "stimulus_start_time": 1.02,
    "stimulus_units": "Amps",
    "sweep_number": 42,
    "vm_delta_mv": 0.153999328613281
  },
  {
    "bridge_balance_mohm": 9.70695972442627,
    "id": 486263771,
    "leak_pa": -88.331787109375,
    "num_spikes": 2,
    "peak_deflection": null,
    "post_noise_rms_mv": 0.0400065295398235,
    "post_vm_mv": -80.7442779541016,
    "pre_noise_rms_mv": 0.0385869704186916,
    "pre_vm_mv": -80.4080047607422,
    "slow_noise_rms_mv": 0.0792339295148849,
    "slow_vm_mv": -80.4080047607422,
    "specimen_id": 486262299,
    "stimulus_absolute_amplitude": 589.999993305668,
    "stimulus_description": "C1LSCOARSE150216[35]",
    "stimulus_duration": 0.999995,
    "stimulus_interval": null,
    "stimulus_name": "Long Square",
    "stimulus_relative_amplitude": 1.0,
    "stimulus_start_time": 1.02,
    "stimulus_units": "Amps",
    "sweep_number": 68,
    "vm_delta_mv": 0.336273193359375
  },
  {
    "bridge_balance_mohm": 10.4395599365234,
    "id": 486263677,
    "leak_pa": 61.6527366638184,
    "num_spikes": null,
    "peak_deflection": null,
    "post_noise_rms_mv": 0.044643621891737,
    "post_vm_mv": -79.3808975219727,
    "pre_noise_rms_mv": 0.0378036648035049,
    "pre_vm_mv": -79.3910217285156,
    "slow_noise_rms_mv": 0.0789676904678345,
    "slow_vm_mv": -79.3910217285156,
    "specimen_id": 486262299,
    "stimulus_absolute_amplitude": 1740.00003294594,
    "stimulus_description": "C1SSFINEST150112[0]",
    "stimulus_duration": 0.002995,
    "stimulus_interval": null,
    "stimulus_name": "Short Square",
    "stimulus_relative_amplitude": 17.3999996185303,
    "stimulus_start_time": 1.02,
    "stimulus_units": "Amps",
    "sweep_number": 25,
    "vm_delta_mv": 0.0101242065429688
  },
  {
    "bridge_balance_mohm": 9.70695972442627,
    "id": 486263725,
    "leak_pa": 12.9990711212158,
    "num_spikes": null,
    "peak_deflection": -66.1875,
    "post_noise_rms_mv": 0.0310896933078766,
    "post_vm_mv": -77.5803527832031,
    "pre_noise_rms_mv": 0.041636697947979,
    "pre_vm_mv": -78.1300430297852,
    "slow_noise_rms_mv": 0.0673140734434128,
    "slow_vm_mv": -78.1300430297852,
    "specimen_id": 486262299,
    "stimulus_absolute_amplitude": 129.99999687846,
    "stimulus_description": "C1LSCOARSE150216[12]",
    "stimulus_duration": 0.999995,
    "stimulus_interval": null,
    "stimulus_name": "Long Square",
    "stimulus_relative_amplitude": 1.0,
    "stimulus_start_time": 1.02,
    "stimulus_units": "Amps",
    "sweep_number": 45,
    "vm_delta_mv": 0.549690246582031
  },
  {
    "bridge_balance_mohm": 10.4395599365234,
    "id": 486263643,
    "leak_pa": 54.9675025939941,
    "num_spikes": null,
    "peak_deflection": null,
    "post_noise_rms_mv": 0.0509157404303551,
    "post_vm_mv": -79.9606170654297,
    "pre_noise_rms_mv": 0.035346258431673,
    "pre_vm_mv": -80.0939636230469,
    "slow_noise_rms_mv": 0.0674482136964798,
    "slow_vm_mv": -80.0939636230469,
    "specimen_id": 486262299,
    "stimulus_absolute_amplitude": 299.999997066536,
    "stimulus_description": "C1SSCOARSE150112[2]",
    "stimulus_duration": 0.002995,
    "stimulus_interval": null,
    "stimulus_name": "Short Square",
    "stimulus_relative_amplitude": 1.0,
    "stimulus_start_time": 1.02,
    "stimulus_units": "Amps",
    "sweep_number": 9,
    "vm_delta_mv": 0.133346557617188
  },
  {
    "bridge_balance_mohm": 10.4395599365234,
    "id": 486263673,
    "leak_pa": 78.9848327636719,
    "num_spikes": 1,
    "peak_deflection": null,
    "post_noise_rms_mv": 0.038771990686655,
    "post_vm_mv": -78.8666839599609,
    "pre_noise_rms_mv": 0.0407300479710102,
    "pre_vm_mv": -78.9621047973633,
    "slow_noise_rms_mv": 0.0663123279809952,
    "slow_vm_mv": -78.9621047973633,
    "specimen_id": 486262299,
    "stimulus_absolute_amplitude": 1800.00003791037,
    "stimulus_description": "C1SSCOARSE150112[17]",
    "stimulus_duration": 0.002995,
    "stimulus_interval": null,
    "stimulus_name": "Short Square",
    "stimulus_relative_amplitude": 1.0,
    "stimulus_start_time": 1.02,
    "stimulus_units": "Amps",
    "sweep_number": 24,
    "vm_delta_mv": 0.0954208374023438
  },
  {
    "bridge_balance_mohm": 10.4395599365234,
    "id": 486263701,
    "leak_pa": 59.3005218505859,
    "num_spikes": null,
    "peak_deflection": null,
    "post_noise_rms_mv": 0.0354850217700005,
    "post_vm_mv": -79.0203094482422,
    "pre_noise_rms_mv": 0.0371421352028847,
    "pre_vm_mv": -79.0020980834961,
    "slow_noise_rms_mv": 0.0778784602880478,
    "slow_vm_mv": -79.0020980834961,
    "specimen_id": 486262299,
    "stimulus_absolute_amplitude": 1829.99981834797,
    "stimulus_description": "C1SSFINEST150112[0]",
    "stimulus_duration": 0.002995,
    "stimulus_interval": null,
    "stimulus_name": "Short Square",
    "stimulus_relative_amplitude": 18.2999992370605,
    "stimulus_start_time": 1.02,
    "stimulus_units": "Amps",
    "sweep_number": 33,
    "vm_delta_mv": 0.0182113647460938
  },
  {
    "bridge_balance_mohm": 10.4395599365234,
    "id": 486263639,
    "leak_pa": 38.502010345459,
    "num_spikes": null,
    "peak_deflection": null,
    "post_noise_rms_mv": 0.0415127947926521,
    "post_vm_mv": -80.1488571166992,
    "pre_noise_rms_mv": 0.0375776439905167,
    "pre_vm_mv": -79.7126235961914,
    "slow_noise_rms_mv": 0.117129072546959,
    "slow_vm_mv": -79.7126235961914,
    "specimen_id": 486262299,
    "stimulus_absolute_amplitude": 100.000001335143,
    "stimulus_description": "C1SSCOARSE150112[0]",
    "stimulus_duration": 0.002995,
    "stimulus_interval": null,
    "stimulus_name": "Short Square",
    "stimulus_relative_amplitude": 1.0,
    "stimulus_start_time": 1.02,
    "stimulus_units": "Amps",
    "sweep_number": 7,
    "vm_delta_mv": 0.436233520507812
  },
  {
    "bridge_balance_mohm": 9.70695972442627,
    "id": 486263727,
    "leak_pa": 3.28071808815002,
    "num_spikes": null,
    "peak_deflection": -65.0625,
    "post_noise_rms_mv": 0.0421042703092098,
    "post_vm_mv": -77.9020080566406,
    "pre_noise_rms_mv": 0.0410296358168125,
    "pre_vm_mv": -78.2073745727539,
    "slow_noise_rms_mv": 0.092150405049324,
    "slow_vm_mv": -78.2073745727539,
    "specimen_id": 486262299,
    "stimulus_absolute_amplitude": 149.999998533268,
    "stimulus_description": "C1LSCOARSE150216[13]",
    "stimulus_duration": 0.999995,
    "stimulus_interval": null,
    "stimulus_name": "Long Square",
    "stimulus_relative_amplitude": 1.0,
    "stimulus_start_time": 1.02,
    "stimulus_units": "Amps",
    "sweep_number": 46,
    "vm_delta_mv": 0.305366516113281
  },
  {
    "bridge_balance_mohm": 10.4395599365234,
    "id": 486263645,
    "leak_pa": 60.4147338867188,
    "num_spikes": null,
    "peak_deflection": null,
    "post_noise_rms_mv": 0.042696837335825,
    "post_vm_mv": -79.264030456543,
    "pre_noise_rms_mv": 0.0407756343483925,
    "pre_vm_mv": -79.3327178955078,
    "slow_noise_rms_mv": 0.0638887956738472,
    "slow_vm_mv": -79.3327178955078,
    "specimen_id": 486262299,
    "stimulus_absolute_amplitude": 400.000005340573,
    "stimulus_description": "C1SSCOARSE150112[3]",
    "stimulus_duration": 0.002995,
    "stimulus_interval": null,
    "stimulus_name": "Short Square",
    "stimulus_relative_amplitude": 1.0,
    "stimulus_start_time": 1.02,
    "stimulus_units": "Amps",
    "sweep_number": 10,
    "vm_delta_mv": 0.0686874389648438
  },
  {
    "bridge_balance_mohm": 10.4395599365234,
    "id": 486263671,
    "leak_pa": 78.1182250976562,
    "num_spikes": null,
    "peak_deflection": null,
    "post_noise_rms_mv": 0.0430031456053257,
    "post_vm_mv": -79.1476898193359,
    "pre_noise_rms_mv": 0.0337022878229618,
    "pre_vm_mv": -78.9749221801758,
    "slow_noise_rms_mv": 0.0606999024748802,
    "slow_vm_mv": -78.9749221801758,
    "specimen_id": 486262299,
    "stimulus_absolute_amplitude": 1700.00002963633,
    "stimulus_description": "C1SSCOARSE150112[16]",
    "stimulus_duration": 0.002995,
    "stimulus_interval": null,
    "stimulus_name": "Short Square",
    "stimulus_relative_amplitude": 1.0,
    "stimulus_start_time": 1.02,
    "stimulus_units": "Amps",
    "sweep_number": 23,
    "vm_delta_mv": 0.172767639160156
  },
  {
    "bridge_balance_mohm": 9.15750885009766,
    "id": 486263795,
    "leak_pa": -38.0687065124512,
    "num_spikes": 58,
    "peak_deflection": null,
    "post_noise_rms_mv": 0.0389354676008224,
    "post_vm_mv": -80.493278503418,
    "pre_noise_rms_mv": 0.0380404777824879,
    "pre_vm_mv": -80.2188720703125,
    "slow_noise_rms_mv": 0.0776214078068733,
    "slow_vm_mv": -80.2188720703125,
    "specimen_id": 486262299,
    "stimulus_absolute_amplitude": 1225.99996821293,
    "stimulus_description": "C1NSSEED_2150216[0]",
    "stimulus_duration": 18.999995,
    "stimulus_interval": 8.0,
    "stimulus_name": "Noise 2",
    "stimulus_relative_amplitude": 5.19999980926514,
    "stimulus_start_time": 2.02,
    "stimulus_units": "Amps",
    "sweep_number": 78,
    "vm_delta_mv": 0.274406433105469
  },
  {
    "bridge_balance_mohm": 9.15750885009766,
    "id": 486263819,
    "leak_pa": -15.0417823791504,
    "num_spikes": 3,
    "peak_deflection": null,
    "post_noise_rms_mv": 0.0342294871807098,
    "post_vm_mv": -79.4459228515625,
    "pre_noise_rms_mv": 0.0396757014095783,
    "pre_vm_mv": -78.9782257080078,
    "slow_noise_rms_mv": 0.105960592627525,
    "slow_vm_mv": -78.9782257080078,
    "specimen_id": 486262299,
    "stimulus_absolute_amplitude": 559.999990823457,
    "stimulus_description": "C2SQRHELNG150216[0]",
    "stimulus_duration": 1.999995,
    "stimulus_interval": null,
    "stimulus_name": "Square - 2s Suprathreshold",
    "stimulus_relative_amplitude": 5.59999990463257,
    "stimulus_start_time": 1.02,
    "stimulus_units": "Amps",
    "sweep_number": 90,
    "vm_delta_mv": 0.467697143554688
  },
  {
    "bridge_balance_mohm": 10.4395599365234,
    "id": 486263659,
    "leak_pa": 72.7329025268555,
    "num_spikes": null,
    "peak_deflection": null,
    "post_noise_rms_mv": 0.0442651621997356,
    "post_vm_mv": -79.1852798461914,
    "pre_noise_rms_mv": 0.0410613603889942,
    "pre_vm_mv": -79.1120834350586,
    "slow_noise_rms_mv": 0.0761829763650894,
    "slow_vm_mv": -79.1120834350586,
    "specimen_id": 486262299,
    "stimulus_absolute_amplitude": 1099.99997999211,
    "stimulus_description": "C1SSCOARSE150112[10]",
    "stimulus_duration": 0.002995,
    "stimulus_interval": null,
    "stimulus_name": "Short Square",
    "stimulus_relative_amplitude": 1.0,
    "stimulus_start_time": 1.02,
    "stimulus_units": "Amps",
    "sweep_number": 17,
    "vm_delta_mv": 0.0731964111328125
  },
  {
    "bridge_balance_mohm": 9.70695972442627,
    "id": 486263767,
    "leak_pa": -82.7607574462891,
    "num_spikes": 1,
    "peak_deflection": null,
    "post_noise_rms_mv": 0.0426320172846317,
    "post_vm_mv": -79.6892929077148,
    "pre_noise_rms_mv": 0.0405762419104576,
    "pre_vm_mv": -80.062873840332,
    "slow_noise_rms_mv": 0.0854821503162384,
    "slow_vm_mv": -80.062873840332,
    "specimen_id": 486262299,
    "stimulus_absolute_amplitude": 549.999989996053,
    "stimulus_description": "C1LSCOARSE150216[33]",
    "stimulus_duration": 0.999995,
    "stimulus_interval": null,
    "stimulus_name": "Long Square",
    "stimulus_relative_amplitude": 1.0,
    "stimulus_start_time": 1.02,
    "stimulus_units": "Amps",
    "sweep_number": 66,
    "vm_delta_mv": 0.373580932617188
  },
  {
    "bridge_balance_mohm": 9.15750885009766,
    "id": 486263783,
    "leak_pa": -56.6388130187988,
    "num_spikes": 1,
    "peak_deflection": null,
    "post_noise_rms_mv": 0.0430010706186295,
    "post_vm_mv": -80.3436965942383,
    "pre_noise_rms_mv": 0.0485479049384594,
    "pre_vm_mv": -80.2210235595703,
    "slow_noise_rms_mv": 0.0924763008952141,
    "slow_vm_mv": -80.2210235595703,
    "specimen_id": 486262299,
    "stimulus_absolute_amplitude": 519.999987513842,
    "stimulus_description": "C1LSFINEST150112[0]",
    "stimulus_duration": 0.999995,
    "stimulus_interval": null,
    "stimulus_name": "Long Square",
    "stimulus_relative_amplitude": 5.19999980926514,
    "stimulus_start_time": 1.02,
    "stimulus_units": "Amps",
    "sweep_number": 74,
    "vm_delta_mv": 0.122673034667969
  },
  {
    "bridge_balance_mohm": 9.70695972442627,
    "id": 486263745,
    "leak_pa": -39.6162147521973,
    "num_spikes": null,
    "peak_deflection": -53.5000038146973,
    "post_noise_rms_mv": 0.0389779023826122,
    "post_vm_mv": -79.9067535400391,
    "pre_noise_rms_mv": 0.0500424206256866,
    "pre_vm_mv": -80.0508575439453,
    "slow_noise_rms_mv": 0.0956765040755272,
    "slow_vm_mv": -80.0508575439453,
    "specimen_id": 486262299,
    "stimulus_absolute_amplitude": 329.999999548747,
    "stimulus_description": "C1LSCOARSE150216[22]",
    "stimulus_duration": 0.999995,
    "stimulus_interval": null,
    "stimulus_name": "Long Square",
    "stimulus_relative_amplitude": 1.0,
    "stimulus_start_time": 1.02,
    "stimulus_units": "Amps",
    "sweep_number": 55,
    "vm_delta_mv": 0.14410400390625
  },
  {
    "bridge_balance_mohm": 10.4395599365234,
    "id": 486263641,
    "leak_pa": 46.301456451416,
    "num_spikes": null,
    "peak_deflection": null,
    "post_noise_rms_mv": 0.0383126474916935,
    "post_vm_mv": -80.3736953735352,
    "pre_noise_rms_mv": 0.0429253093898296,
    "pre_vm_mv": -80.2102813720703,
    "slow_noise_rms_mv": 0.0740673393011093,
    "slow_vm_mv": -80.2102813720703,
    "specimen_id": 486262299,
    "stimulus_absolute_amplitude": 200.000002670286,
    "stimulus_description": "C1SSCOARSE150112[1]",
    "stimulus_duration": 0.002995,
    "stimulus_interval": null,
    "stimulus_name": "Short Square",
    "stimulus_relative_amplitude": 1.0,
    "stimulus_start_time": 1.02,
    "stimulus_units": "Amps",
    "sweep_number": 8,
    "vm_delta_mv": 0.163414001464844
  },
  {
    "bridge_balance_mohm": null,
    "id": 486263627,
    "leak_pa": null,
    "num_spikes": null,
    "peak_deflection": null,
    "post_noise_rms_mv": null,
    "post_vm_mv": null,
    "pre_noise_rms_mv": null,
    "pre_vm_mv": null,
    "slow_noise_rms_mv": null,
    "slow_vm_mv": null,
    "specimen_id": 486262299,
    "stimulus_absolute_amplitude": null,
    "stimulus_description": "EXTPINBATH141203[0]",
    "stimulus_duration": null,
    "stimulus_interval": null,
    "stimulus_name": "Test",
    "stimulus_relative_amplitude": 1.0,
    "stimulus_start_time": null,
    "stimulus_units": "Volts",
    "sweep_number": 1,
    "vm_delta_mv": null
  },
  {
    "bridge_balance_mohm": 10.4395599365234,
    "id": 486263649,
    "leak_pa": 61.5289421081543,
    "num_spikes": null,
    "peak_deflection": null,
    "post_noise_rms_mv": 0.0391148962080479,
    "post_vm_mv": -79.1228790283203,
    "pre_noise_rms_mv": 0.0407110825181007,
    "pre_vm_mv": -79.0613784790039,
    "slow_noise_rms_mv": 0.0536570139229298,
    "slow_vm_mv": -79.0613784790039,
    "specimen_id": 486262299,
    "stimulus_absolute_amplitude": 599.999994133071,
    "stimulus_description": "C1SSCOARSE150112[5]",
    "stimulus_duration": 0.002995,
    "stimulus_interval": null,
    "stimulus_name": "Short Square",
    "stimulus_relative_amplitude": 1.0,
    "stimulus_start_time": 1.02,
    "stimulus_units": "Amps",
    "sweep_number": 12,
    "vm_delta_mv": 0.0615005493164062
  },
  {
    "bridge_balance_mohm": 10.4395599365234,
    "id": 486263669,
    "leak_pa": 77.4992294311523,
    "num_spikes": null,
    "peak_deflection": null,
    "post_noise_rms_mv": 0.0371755585074425,
    "post_vm_mv": -79.1642532348633,
    "pre_noise_rms_mv": 0.0417023897171021,
    "pre_vm_mv": -79.1645812988281,
    "slow_noise_rms_mv": 0.0799479335546494,
    "slow_vm_mv": -79.1645812988281,
    "specimen_id": 486262299,
    "stimulus_absolute_amplitude": 1600.00002136229,
    "stimulus_description": "C1SSCOARSE150112[15]",
    "stimulus_duration": 0.002995,
    "stimulus_interval": null,
    "stimulus_name": "Short Square",
    "stimulus_relative_amplitude": 1.0,
    "stimulus_start_time": 1.02,
    "stimulus_units": "Amps",
    "sweep_number": 22,
    "vm_delta_mv": 0.00032806396484375
  },
  {
    "bridge_balance_mohm": 9.15750885009766,
    "id": 486263797,
    "leak_pa": -32.9928817749023,
    "num_spikes": 60,
    "peak_deflection": null,
    "post_noise_rms_mv": 0.0367845557630062,
    "post_vm_mv": -78.8860397338867,
    "pre_noise_rms_mv": 0.0405326373875141,
    "pre_vm_mv": -79.7751846313477,
    "slow_noise_rms_mv": 0.117578059434891,
    "slow_vm_mv": -79.7751846313477,
    "specimen_id": 486262299,
    "stimulus_absolute_amplitude": 1205.25001090499,
    "stimulus_description": "C1NSSEED_1150216[0]",
    "stimulus_duration": 18.999995,
    "stimulus_interval": 8.0,
    "stimulus_name": "Noise 1",
    "stimulus_relative_amplitude": 5.19999980926514,
    "stimulus_start_time": 2.02,
    "stimulus_units": "Amps",
    "sweep_number": 79,
    "vm_delta_mv": 0.889144897460938
  },
  {
    "bridge_balance_mohm": 9.70695972442627,
    "id": 486263717,
    "leak_pa": 28.1027545928955,
    "num_spikes": null,
    "peak_deflection": -74.2500076293945,
    "post_noise_rms_mv": 0.0405527837574482,
    "post_vm_mv": -78.6940765380859,
    "pre_noise_rms_mv": 0.042692244052887,
    "pre_vm_mv": -78.8498382568359,
    "slow_noise_rms_mv": 0.0756581500172615,
    "slow_vm_mv": -78.8498382568359,
    "specimen_id": 486262299,
    "stimulus_absolute_amplitude": 50.0000006675716,
    "stimulus_description": "C1LSCOARSE150216[8]",
    "stimulus_duration": 0.999995,
    "stimulus_interval": null,
    "stimulus_name": "Long Square",
    "stimulus_relative_amplitude": 1.0,
    "stimulus_start_time": 1.02,
    "stimulus_units": "Amps",
    "sweep_number": 41,
    "vm_delta_mv": 0.15576171875
  },
  {
    "bridge_balance_mohm": 10.4395599365234,
    "id": 486263703,
    "leak_pa": 54.1008987426758,
    "num_spikes": null,
    "peak_deflection": -86.0625076293945,
    "post_noise_rms_mv": 0.0382766909897327,
    "post_vm_mv": -77.9693908691406,
    "pre_noise_rms_mv": 0.0429473631083965,
    "pre_vm_mv": -78.5737915039062,
    "slow_noise_rms_mv": 0.0691623017191887,
    "slow_vm_mv": -78.5737915039062,
    "specimen_id": 486262299,
    "stimulus_absolute_amplitude": -110.000002162547,
    "stimulus_description": "C1LSCOARSE150216[0]",
    "stimulus_duration": 0.999995,
    "stimulus_interval": null,
    "stimulus_name": "Long Square",
    "stimulus_relative_amplitude": 1.0,
    "stimulus_start_time": 1.02,
    "stimulus_units": "Amps",
    "sweep_number": 34,
    "vm_delta_mv": 0.604400634765625
  },
  {
    "bridge_balance_mohm": 9.70695972442627,
    "id": 486263723,
    "leak_pa": 19.1891059875488,
    "num_spikes": null,
    "peak_deflection": -68.5937576293945,
    "post_noise_rms_mv": 0.0327632129192352,
    "post_vm_mv": -78.0664978027344,
    "pre_noise_rms_mv": 0.0409664884209633,
    "pre_vm_mv": -78.5863265991211,
    "slow_noise_rms_mv": 0.0853917896747589,
    "slow_vm_mv": -78.5863265991211,
    "specimen_id": 486262299,
    "stimulus_absolute_amplitude": 110.000002162547,
    "stimulus_description": "C1LSCOARSE150216[11]",
    "stimulus_duration": 0.999995,
    "stimulus_interval": null,
    "stimulus_name": "Long Square",
    "stimulus_relative_amplitude": 1.0,
    "stimulus_start_time": 1.02,
    "stimulus_units": "Amps",
    "sweep_number": 44,
    "vm_delta_mv": 0.519828796386719
  },
  {
    "bridge_balance_mohm": 9.15750885009766,
    "id": 486263803,
    "leak_pa": -45.558650970459,
    "num_spikes": 59,
    "peak_deflection": null,
    "post_noise_rms_mv": 0.0343739986419678,
    "post_vm_mv": -80.5817184448242,
    "pre_noise_rms_mv": 0.0517327077686787,
    "pre_vm_mv": -79.9760284423828,
    "slow_noise_rms_mv": 0.0751925632357597,
    "slow_vm_mv": -79.9760284423828,
    "specimen_id": 486262299,
    "stimulus_absolute_amplitude": 1225.99996821293,
    "stimulus_description": "C1NSSEED_2150216[0]",
    "stimulus_duration": 18.999995,
    "stimulus_interval": 8.0,
    "stimulus_name": "Noise 2",
    "stimulus_relative_amplitude": 5.19999980926514,
    "stimulus_start_time": 2.02,
    "stimulus_units": "Amps",
    "sweep_number": 82,
    "vm_delta_mv": 0.605690002441406
  },
  {
    "bridge_balance_mohm": 10.4395599365234,
    "id": 486263695,
    "leak_pa": 61.6527366638184,
    "num_spikes": 1,
    "peak_deflection": null,
    "post_noise_rms_mv": 0.0430656597018242,
    "post_vm_mv": -78.7082443237305,
    "pre_noise_rms_mv": 0.0413468293845654,
    "pre_vm_mv": -78.8001556396484,
    "slow_noise_rms_mv": 0.0712821483612061,
    "slow_vm_mv": -78.8001556396484,
    "specimen_id": 486262299,
    "stimulus_absolute_amplitude": 1829.99981834797,
    "stimulus_description": "C1SSFINEST150112[0]",
    "stimulus_duration": 0.002995,
    "stimulus_interval": null,
    "stimulus_name": "Short Square",
    "stimulus_relative_amplitude": 18.2999992370605,
    "stimulus_start_time": 1.02,
    "stimulus_units": "Amps",
    "sweep_number": 30,
    "vm_delta_mv": 0.0919113159179688
  },
  {
    "bridge_balance_mohm": 9.15750885009766,
    "id": 486263779,
    "leak_pa": -54.2246971130371,
    "num_spikes": 1,
    "peak_deflection": null,
    "post_noise_rms_mv": 0.044829573482275,
    "post_vm_mv": -79.5377426147461,
    "pre_noise_rms_mv": 0.045771911740303,
    "pre_vm_mv": -79.9346618652344,
    "slow_noise_rms_mv": 0.0880787298083305,
    "slow_vm_mv": -79.9346618652344,
    "specimen_id": 486262299,
    "stimulus_absolute_amplitude": 519.999987513842,
    "stimulus_description": "C1LSFINEST150112[0]",
    "stimulus_duration": 0.999995,
    "stimulus_interval": null,
    "stimulus_name": "Long Square",
    "stimulus_relative_amplitude": 5.19999980926514,
    "stimulus_start_time": 1.02,
    "stimulus_units": "Amps",
    "sweep_number": 72,
    "vm_delta_mv": 0.396919250488281
  },
  {
    "bridge_balance_mohm": 9.70695972442627,
    "id": 486263769,
    "leak_pa": -90.2506942749023,
    "num_spikes": 1,
    "peak_deflection": null,
    "post_noise_rms_mv": 0.0359775647521019,
    "post_vm_mv": -80.0586471557617,
    "pre_noise_rms_mv": 0.0385649614036083,
    "pre_vm_mv": -80.0135116577148,
    "slow_noise_rms_mv": 0.0723721235990524,
    "slow_vm_mv": -80.0135116577148,
    "specimen_id": 486262299,
    "stimulus_absolute_amplitude": 569.99999165086,
    "stimulus_description": "C1LSCOARSE150216[34]",
    "stimulus_duration": 0.999995,
    "stimulus_interval": null,
    "stimulus_name": "Long Square",
    "stimulus_relative_amplitude": 1.0,
    "stimulus_start_time": 1.02,
    "stimulus_units": "Amps",
    "sweep_number": 67,
    "vm_delta_mv": 0.045135498046875
  },
  {
    "bridge_balance_mohm": 10.4395599365234,
    "id": 486263657,
    "leak_pa": 70.7520904541016,
    "num_spikes": null,
    "peak_deflection": null,
    "post_noise_rms_mv": 0.0442006252706051,
    "post_vm_mv": -79.27978515625,
    "pre_noise_rms_mv": 0.0375971309840679,
    "pre_vm_mv": -79.1519622802734,
    "slow_noise_rms_mv": 0.0800025016069412,
    "slow_vm_mv": -79.1519622802734,
    "specimen_id": 486262299,
    "stimulus_absolute_amplitude": 999.999971718069,
    "stimulus_description": "C1SSCOARSE150112[9]",
    "stimulus_duration": 0.002995,
    "stimulus_interval": null,
    "stimulus_name": "Short Square",
    "stimulus_relative_amplitude": 1.0,
    "stimulus_start_time": 1.02,
    "stimulus_units": "Amps",
    "sweep_number": 16,
    "vm_delta_mv": 0.127822875976562
  },
  {
    "bridge_balance_mohm": 9.70695972442627,
    "id": 486263741,
    "leak_pa": -44.1968460083008,
    "num_spikes": null,
    "peak_deflection": -56.0625,
    "post_noise_rms_mv": 0.0420767478644848,
    "post_vm_mv": -80.2469482421875,
    "pre_noise_rms_mv": 0.0431229546666145,
    "pre_vm_mv": -79.8155136108398,
    "slow_noise_rms_mv": 0.0936824008822441,
    "slow_vm_mv": -79.8155136108398,
    "specimen_id": 486262299,
    "stimulus_absolute_amplitude": 289.999996239132,
    "stimulus_description": "C1LSCOARSE150216[20]",
    "stimulus_duration": 0.999995,
    "stimulus_interval": null,
    "stimulus_name": "Long Square",
    "stimulus_relative_amplitude": 1.0,
    "stimulus_start_time": 1.02,
    "stimulus_units": "Amps",
    "sweep_number": 53,
    "vm_delta_mv": 0.431434631347656
  },
  {
    "bridge_balance_mohm": 9.15750885009766,
    "id": 486263799,
    "leak_pa": -52.7390899658203,
    "num_spikes": 59,
    "peak_deflection": null,
    "post_noise_rms_mv": 0.0398122407495975,
    "post_vm_mv": -79.7377777099609,
    "pre_noise_rms_mv": 0.0412773154675961,
    "pre_vm_mv": -80.2333145141602,
    "slow_noise_rms_mv": 0.058784481137991,
    "slow_vm_mv": -80.2333145141602,
    "specimen_id": 486262299,
    "stimulus_absolute_amplitude": 1225.99996821293,
    "stimulus_description": "C1NSSEED_2150216[0]",
    "stimulus_duration": 18.999995,
    "stimulus_interval": 8.0,
    "stimulus_name": "Noise 2",
    "stimulus_relative_amplitude": 5.19999980926514,
    "stimulus_start_time": 2.02,
    "stimulus_units": "Amps",
    "sweep_number": 80,
    "vm_delta_mv": 0.495536804199219
  },
  {
    "bridge_balance_mohm": 9.70695972442627,
    "id": 486263733,
    "leak_pa": -13.4323740005493,
    "num_spikes": null,
    "peak_deflection": -60.375,
    "post_noise_rms_mv": 0.0419184267520905,
    "post_vm_mv": -78.1470565795898,
    "pre_noise_rms_mv": 0.0443096831440926,
    "pre_vm_mv": -78.5350799560547,
    "slow_noise_rms_mv": 0.071655809879303,
    "slow_vm_mv": -78.5350799560547,
    "specimen_id": 486262299,
    "stimulus_absolute_amplitude": 209.999989619902,
    "stimulus_description": "C1LSCOARSE150216[16]",
    "stimulus_duration": 0.999995,
    "stimulus_interval": null,
    "stimulus_name": "Long Square",
    "stimulus_relative_amplitude": 1.0,
    "stimulus_start_time": 1.02,
    "stimulus_units": "Amps",
    "sweep_number": 49,
    "vm_delta_mv": 0.388023376464844
  },
  {
    "bridge_balance_mohm": 10.4395599365234,
    "id": 486263661,
    "leak_pa": 74.3423080444336,
    "num_spikes": null,
    "peak_deflection": null,
    "post_noise_rms_mv": 0.0417604595422745,
    "post_vm_mv": -79.2444610595703,
    "pre_noise_rms_mv": 0.0418136604130268,
    "pre_vm_mv": -79.2132720947266,
    "slow_noise_rms_mv": 0.0688111633062363,
    "slow_vm_mv": -79.2132720947266,
    "specimen_id": 486262299,
    "stimulus_absolute_amplitude": 1199.99998826614,
    "stimulus_description": "C1SSCOARSE150112[11]",
    "stimulus_duration": 0.002995,
    "stimulus_interval": null,
    "stimulus_name": "Short Square",
    "stimulus_relative_amplitude": 1.0,
    "stimulus_start_time": 1.02,
    "stimulus_units": "Amps",
    "sweep_number": 18,
    "vm_delta_mv": 0.03118896484375
  },
  {
    "bridge_balance_mohm": 9.15750885009766,
    "id": 486263817,
    "leak_pa": -4.08542251586914,
    "num_spikes": 1,
    "peak_deflection": null,
    "post_noise_rms_mv": 0.0336728245019913,
    "post_vm_mv": -79.3068313598633,
    "pre_noise_rms_mv": 0.0352462455630302,
    "pre_vm_mv": -80.0404815673828,
    "slow_noise_rms_mv": 0.0669881328940392,
    "slow_vm_mv": -80.0404815673828,
    "specimen_id": 486262299,
    "stimulus_absolute_amplitude": 519.999987513842,
    "stimulus_description": "C2SQRHELNG150216[0]",
    "stimulus_duration": 1.999995,
    "stimulus_interval": null,
    "stimulus_name": "Square - 2s Suprathreshold",
    "stimulus_relative_amplitude": 5.19999980926514,
    "stimulus_start_time": 1.02,
    "stimulus_units": "Amps",
    "sweep_number": 89,
    "vm_delta_mv": 0.733650207519531
  },
  {
    "bridge_balance_mohm": 9.70695972442627,
    "id": 486263711,
    "leak_pa": 36.459300994873,
    "num_spikes": null,
    "peak_deflection": -79.7812576293945,
    "post_noise_rms_mv": 0.0395679585635662,
    "post_vm_mv": -78.2286071777344,
    "pre_noise_rms_mv": 0.0405222736299038,
    "pre_vm_mv": -78.7661972045898,
    "slow_noise_rms_mv": 0.0662845447659492,
    "slow_vm_mv": -78.7661972045898,
    "specimen_id": 486262299,
    "stimulus_absolute_amplitude": -9.99999996004197,
    "stimulus_description": "C1LSCOARSE150216[5]",
    "stimulus_duration": 0.999995,
    "stimulus_interval": null,
    "stimulus_name": "Long Square",
    "stimulus_relative_amplitude": 1.0,
    "stimulus_start_time": 1.02,
    "stimulus_units": "Amps",
    "sweep_number": 38,
    "vm_delta_mv": 0.537590026855469
  },
  {
    "bridge_balance_mohm": 10.9279613494873,
    "id": 486263633,
    "leak_pa": 36.2117004394531,
    "num_spikes": 52,
    "peak_deflection": null,
    "post_noise_rms_mv": null,
    "post_vm_mv": null,
    "pre_noise_rms_mv": 0.0424998253583908,
    "pre_vm_mv": -80.3731231689453,
    "slow_noise_rms_mv": 0.106668956577778,
    "slow_vm_mv": -80.3731231689453,
    "specimen_id": 486262299,
    "stimulus_absolute_amplitude": 800.000010681146,
    "stimulus_description": "C1RP25PR1S141203[0]",
    "stimulus_duration": 31.997495,
    "stimulus_interval": null,
    "stimulus_name": "Ramp",
    "stimulus_relative_amplitude": 1.0,
    "stimulus_start_time": 1.0225,
    "stimulus_units": "Amps",
    "sweep_number": 4,
    "vm_delta_mv": null
  },
  {
    "bridge_balance_mohm": 10.4395599365234,
    "id": 486263699,
    "leak_pa": 59.733829498291,
    "num_spikes": null,
    "peak_deflection": null,
    "post_noise_rms_mv": 0.0405417196452618,
    "post_vm_mv": -78.9447784423828,
    "pre_noise_rms_mv": 0.0386033765971661,
    "pre_vm_mv": -79.067497253418,
    "slow_noise_rms_mv": 0.0565995387732983,
    "slow_vm_mv": -79.067497253418,
    "specimen_id": 486262299,
    "stimulus_absolute_amplitude": 1829.99981834797,
    "stimulus_description": "C1SSFINEST150112[0]",
    "stimulus_duration": 0.002995,
    "stimulus_interval": null,
    "stimulus_name": "Short Square",
    "stimulus_relative_amplitude": 18.2999992370605,
    "stimulus_start_time": 1.02,
    "stimulus_units": "Amps",
    "sweep_number": 32,
    "vm_delta_mv": 0.122718811035156
  },
  {
    "bridge_balance_mohm": 9.15750885009766,
    "id": 486263815,
    "leak_pa": -2.59981417655945,
    "num_spikes": 2,
    "peak_deflection": null,
    "post_noise_rms_mv": 0.0501284077763557,
    "post_vm_mv": -80.0106506347656,
    "pre_noise_rms_mv": 0.0434661768376827,
    "pre_vm_mv": -80.1594772338867,
    "slow_noise_rms_mv": 0.0850129127502441,
    "slow_vm_mv": -80.1594772338867,
    "specimen_id": 486262299,
    "stimulus_absolute_amplitude": 519.999987513842,
    "stimulus_description": "C2SQRHELNG150216[0]",
    "stimulus_duration": 1.999995,
    "stimulus_interval": null,
    "stimulus_name": "Square - 2s Suprathreshold",
    "stimulus_relative_amplitude": 5.19999980926514,
    "stimulus_start_time": 1.02,
    "stimulus_units": "Amps",
    "sweep_number": 88,
    "vm_delta_mv": 0.148826599121094
  },
  {
    "bridge_balance_mohm": 9.70695972442627,
    "id": 486263721,
    "leak_pa": 22.9650249481201,
    "num_spikes": null,
    "peak_deflection": -70.6875,
    "post_noise_rms_mv": 0.0471270456910133,
    "post_vm_mv": -78.3286819458008,
    "pre_noise_rms_mv": 0.0452773608267307,
    "pre_vm_mv": -78.6299438476562,
    "slow_noise_rms_mv": 0.0826134383678436,
    "slow_vm_mv": -78.6299438476562,
    "specimen_id": 486262299,
    "stimulus_absolute_amplitude": 90.0000005077395,
    "stimulus_description": "C1LSCOARSE150216[10]",
    "stimulus_duration": 0.999995,
    "stimulus_interval": null,
    "stimulus_name": "Long Square",
    "stimulus_relative_amplitude": 1.0,
    "stimulus_start_time": 1.02,
    "stimulus_units": "Amps",
    "sweep_number": 43,
    "vm_delta_mv": 0.301261901855469
  },
  {
    "bridge_balance_mohm": 9.70695972442627,
    "id": 486263761,
    "leak_pa": -56.948314666748,
    "num_spikes": 1,
    "peak_deflection": null,
    "post_noise_rms_mv": 0.0387207232415676,
    "post_vm_mv": -79.255241394043,
    "pre_noise_rms_mv": 0.0394925251603127,
    "pre_vm_mv": -79.7927093505859,
    "slow_noise_rms_mv": 0.0762470737099648,
    "slow_vm_mv": -79.7927093505859,
    "specimen_id": 486262299,
    "stimulus_absolute_amplitude": 489.999985031631,
    "stimulus_description": "C1LSCOARSE150216[30]",
    "stimulus_duration": 0.999995,
    "stimulus_interval": null,
    "stimulus_name": "Long Square",
    "stimulus_relative_amplitude": 1.0,
    "stimulus_start_time": 1.02,
    "stimulus_units": "Amps",
    "sweep_number": 63,
    "vm_delta_mv": 0.537467956542969
  },
  {
    "bridge_balance_mohm": 9.70695972442627,
    "id": 486263765,
    "leak_pa": -85.1129684448242,
    "num_spikes": 1,
    "peak_deflection": null,
    "post_noise_rms_mv": 0.0440243743360043,
    "post_vm_mv": -80.1028366088867,
    "pre_noise_rms_mv": 0.0361398868262768,
    "pre_vm_mv": -80.2845840454102,
    "slow_noise_rms_mv": 0.0656087026000023,
    "slow_vm_mv": -80.2845840454102,
    "specimen_id": 486262299,
    "stimulus_absolute_amplitude": 529.999988341245,
    "stimulus_description": "C1LSCOARSE150216[32]",
    "stimulus_duration": 0.999995,
    "stimulus_interval": null,
    "stimulus_name": "Long Square",
    "stimulus_relative_amplitude": 1.0,
    "stimulus_start_time": 1.02,
    "stimulus_units": "Amps",
    "sweep_number": 65,
    "vm_delta_mv": 0.181747436523438
  },
  {
    "bridge_balance_mohm": 10.4395599365234,
    "id": 486263685,
    "leak_pa": 61.6527366638184,
    "num_spikes": null,
    "peak_deflection": null,
    "post_noise_rms_mv": 0.0426859706640244,
    "post_vm_mv": -79.2398223876953,
    "pre_noise_rms_mv": 0.0419668219983578,
    "pre_vm_mv": -79.2693710327148,
    "slow_noise_rms_mv": 0.106279693543911,
    "slow_vm_mv": -79.2693710327148,
    "specimen_id": 486262299,
    "stimulus_absolute_amplitude": 1790.00003708296,
    "stimulus_description": "C1SSFINEST150112[0]",
    "stimulus_duration": 0.002995,
    "stimulus_interval": null,
    "stimulus_name": "Short Square",
    "stimulus_relative_amplitude": 17.8999996185303,
    "stimulus_start_time": 1.02,
    "stimulus_units": "Amps",
    "sweep_number": 27,
    "vm_delta_mv": 0.0295486450195312
  },
  {
    "bridge_balance_mohm": 9.70695972442627,
    "id": 486263755,
    "leak_pa": -55.3389053344727,
    "num_spikes": null,
    "peak_deflection": -46.0000038146973,
    "post_noise_rms_mv": 0.0444703325629234,
    "post_vm_mv": -79.6751403808594,
    "pre_noise_rms_mv": 0.0405779592692852,
    "pre_vm_mv": -79.8926315307617,
    "slow_noise_rms_mv": 0.0820596069097519,
    "slow_vm_mv": -79.8926315307617,
    "specimen_id": 486262299,
    "stimulus_absolute_amplitude": 430.00003557836,
    "stimulus_description": "C1LSCOARSE150216[27]",
    "stimulus_duration": 0.999995,
    "stimulus_interval": null,
    "stimulus_name": "Long Square",
    "stimulus_relative_amplitude": 1.0,
    "stimulus_start_time": 1.02,
    "stimulus_units": "Amps",
    "sweep_number": 60,
    "vm_delta_mv": 0.217491149902344
  },
  {
    "bridge_balance_mohm": 10.4395599365234,
    "id": 486263663,
    "leak_pa": 75.5803146362305,
    "num_spikes": null,
    "peak_deflection": null,
    "post_noise_rms_mv": 0.0415126457810402,
    "post_vm_mv": -79.0776519775391,
    "pre_noise_rms_mv": 0.0304551739245653,
    "pre_vm_mv": -79.0418167114258,
    "slow_noise_rms_mv": 0.0528845638036728,
    "slow_vm_mv": -79.0418167114258,
    "specimen_id": 486262299,
    "stimulus_absolute_amplitude": 1299.99999654018,
    "stimulus_description": "C1SSCOARSE150112[12]",
    "stimulus_duration": 0.002995,
    "stimulus_interval": null,
    "stimulus_name": "Short Square",
    "stimulus_relative_amplitude": 1.0,
    "stimulus_start_time": 1.02,
    "stimulus_units": "Amps",
    "sweep_number": 19,
    "vm_delta_mv": 0.0358352661132812
  },
  {
    "bridge_balance_mohm": null,
    "id": 486263629,
    "leak_pa": null,
    "num_spikes": null,
    "peak_deflection": null,
    "post_noise_rms_mv": null,
    "post_vm_mv": null,
    "pre_noise_rms_mv": null,
    "pre_vm_mv": null,
    "slow_noise_rms_mv": null,
    "slow_vm_mv": null,
    "specimen_id": 486262299,
    "stimulus_absolute_amplitude": null,
    "stimulus_description": "EXTPCllATT141203[0]",
    "stimulus_duration": null,
    "stimulus_interval": null,
    "stimulus_name": "Test",
    "stimulus_relative_amplitude": 1.0,
    "stimulus_start_time": null,
    "stimulus_units": "Volts",
    "sweep_number": 2,
    "vm_delta_mv": null
  },
  {
    "bridge_balance_mohm": 9.15750885009766,
    "id": 486263801,
    "leak_pa": -38.0687065124512,
    "num_spikes": 62,
    "peak_deflection": null,
    "post_noise_rms_mv": 0.0404610671103001,
    "post_vm_mv": -80.1826629638672,
    "pre_noise_rms_mv": 0.0412803255021572,
    "pre_vm_mv": -80.5934829711914,
    "slow_noise_rms_mv": 0.0703437477350235,
    "slow_vm_mv": -80.5934829711914,
    "specimen_id": 486262299,
    "stimulus_absolute_amplitude": 1205.25001090499,
    "stimulus_description": "C1NSSEED_1150216[0]",
    "stimulus_duration": 18.999995,
    "stimulus_interval": 8.0,
    "stimulus_name": "Noise 1",
    "stimulus_relative_amplitude": 5.19999980926514,
    "stimulus_start_time": 2.02,
    "stimulus_units": "Amps",
    "sweep_number": 81,
    "vm_delta_mv": 0.410820007324219
  },
  {
    "bridge_balance_mohm": 9.15750885009766,
    "id": 486263773,
    "leak_pa": -67.3475723266602,
    "num_spikes": 4,
    "peak_deflection": null,
    "post_noise_rms_mv": 0.0409125201404095,
    "post_vm_mv": -80.3842620849609,
    "pre_noise_rms_mv": 0.0444536730647087,
    "pre_vm_mv": -80.162956237793,
    "slow_noise_rms_mv": 0.0940386056900024,
    "slow_vm_mv": -80.162956237793,
    "specimen_id": 486262299,
    "stimulus_absolute_amplitude": 609.999994960475,
    "stimulus_description": "C1LSCOARSE150216[36]",
    "stimulus_duration": 0.999995,
    "stimulus_interval": null,
    "stimulus_name": "Long Square",
    "stimulus_relative_amplitude": 1.0,
    "stimulus_start_time": 1.02,
    "stimulus_units": "Amps",
    "sweep_number": 69,
    "vm_delta_mv": 0.221305847167969
  },
  {
    "bridge_balance_mohm": 9.70695972442627,
    "id": 486263757,
    "leak_pa": -57.195915222168,
    "num_spikes": null,
    "peak_deflection": -44.09375,
    "post_noise_rms_mv": 0.0379161462187767,
    "post_vm_mv": -80.3123550415039,
    "pre_noise_rms_mv": 0.0426063798367977,
    "pre_vm_mv": -80.0429916381836,
    "slow_noise_rms_mv": 0.0725929737091064,
    "slow_vm_mv": -80.0429916381836,
    "specimen_id": 486262299,
    "stimulus_absolute_amplitude": 450.000009477591,
    "stimulus_description": "C1LSCOARSE150216[28]",
    "stimulus_duration": 0.999995,
    "stimulus_interval": null,
    "stimulus_name": "Long Square",
    "stimulus_relative_amplitude": 1.0,
    "stimulus_start_time": 1.02,
    "stimulus_units": "Amps",
    "sweep_number": 61,
    "vm_delta_mv": 0.269363403320312
  },
  {
    "bridge_balance_mohm": 9.70695972442627,
    "id": 486263739,
    "leak_pa": -36.5211982727051,
    "num_spikes": null,
    "peak_deflection": -56.2500038146973,
    "post_noise_rms_mv": 0.0346291474997997,
    "post_vm_mv": -78.9083404541016,
    "pre_noise_rms_mv": 0.0428350865840912,
    "pre_vm_mv": -78.4041137695312,
    "slow_noise_rms_mv": 0.0703919380903244,
    "slow_vm_mv": -78.4041137695312,
    "specimen_id": 486262299,
    "stimulus_absolute_amplitude": 269.999994584325,
    "stimulus_description": "C1LSCOARSE150216[19]",
    "stimulus_duration": 0.999995,
    "stimulus_interval": null,
    "stimulus_name": "Long Square",
    "stimulus_relative_amplitude": 1.0,
    "stimulus_start_time": 1.02,
    "stimulus_units": "Amps",
    "sweep_number": 52,
    "vm_delta_mv": 0.504226684570312
  },
  {
    "bridge_balance_mohm": 10.4395599365234,
    "id": 486263693,
    "leak_pa": 61.6527366638184,
    "num_spikes": 1,
    "peak_deflection": null,
    "post_noise_rms_mv": 0.0378813780844212,
    "post_vm_mv": -78.8503952026367,
    "pre_noise_rms_mv": 0.0276092234998941,
    "pre_vm_mv": -79.0222549438477,
    "slow_noise_rms_mv": 0.0704388245940208,
    "slow_vm_mv": -79.0222549438477,
    "specimen_id": 486262299,
    "stimulus_absolute_amplitude": 1829.99981834797,
    "stimulus_description": "C1SSFINEST150112[0]",
    "stimulus_duration": 0.002995,
    "stimulus_interval": null,
    "stimulus_name": "Short Square",
    "stimulus_relative_amplitude": 18.2999992370605,
    "stimulus_start_time": 1.02,
    "stimulus_units": "Amps",
    "sweep_number": 29,
    "vm_delta_mv": 0.171859741210938
  },
  {
    "bridge_balance_mohm": null,
    "id": 486263631,
    "leak_pa": null,
    "num_spikes": null,
    "peak_deflection": null,
    "post_noise_rms_mv": null,
    "post_vm_mv": null,
    "pre_noise_rms_mv": null,
    "pre_vm_mv": null,
    "slow_noise_rms_mv": null,
    "slow_vm_mv": null,
    "specimen_id": 486262299,
    "stimulus_absolute_amplitude": null,
    "stimulus_description": "EXTPBREAKN141203[0]",
    "stimulus_duration": null,
    "stimulus_interval": null,
    "stimulus_name": "Test",
    "stimulus_relative_amplitude": 1.0,
    "stimulus_start_time": null,
    "stimulus_units": "Volts",
    "sweep_number": 3,
    "vm_delta_mv": null
  },
  {
    "bridge_balance_mohm": 9.15750885009766,
    "id": 486263781,
    "leak_pa": -57.7530174255371,
    "num_spikes": 1,
    "peak_deflection": null,
    "post_noise_rms_mv": 0.0394737161695957,
    "post_vm_mv": -80.0192413330078,
    "pre_noise_rms_mv": 0.0391454696655273,
    "pre_vm_mv": -79.8136444091797,
    "slow_noise_rms_mv": 0.080269418656826,
    "slow_vm_mv": -79.8136444091797,
    "specimen_id": 486262299,
    "stimulus_absolute_amplitude": 519.999987513842,
    "stimulus_description": "C1LSFINEST150112[0]",
    "stimulus_duration": 0.999995,
    "stimulus_interval": null,
    "stimulus_name": "Long Square",
    "stimulus_relative_amplitude": 5.19999980926514,
    "stimulus_start_time": 1.02,
    "stimulus_units": "Amps",
    "sweep_number": 73,
    "vm_delta_mv": 0.205596923828125
  },
  {
    "bridge_balance_mohm": 10.9279613494873,
    "id": 486263635,
    "leak_pa": 48.2203636169434,
    "num_spikes": 10,
    "peak_deflection": null,
    "post_noise_rms_mv": null,
    "post_vm_mv": null,
    "pre_noise_rms_mv": 0.032223928719759,
    "pre_vm_mv": -80.482063293457,
    "slow_noise_rms_mv": 0.0528454184532166,
    "slow_vm_mv": -80.482063293457,
    "specimen_id": 486262299,
    "stimulus_absolute_amplitude": 800.000010681146,
    "stimulus_description": "C1RP25PR1S141203[0]",
    "stimulus_duration": 31.997495,
    "stimulus_interval": null,
    "stimulus_name": "Ramp",
    "stimulus_relative_amplitude": 1.0,
    "stimulus_start_time": 1.0225,
    "stimulus_units": "Amps",
    "sweep_number": 5,
    "vm_delta_mv": null
  },
  {
    "bridge_balance_mohm": 9.70695972442627,
    "id": 486263749,
    "leak_pa": -45.8681526184082,
    "num_spikes": null,
    "peak_deflection": -49.4687538146973,
    "post_noise_rms_mv": 0.0405840016901493,
    "post_vm_mv": -78.8140335083008,
    "pre_noise_rms_mv": 0.0355318151414394,
    "pre_vm_mv": -79.3856964111328,
    "slow_noise_rms_mv": 0.0687583610415459,
    "slow_vm_mv": -79.3856964111328,
    "specimen_id": 486262299,
    "stimulus_absolute_amplitude": 370.000002858362,
    "stimulus_description": "C1LSCOARSE150216[24]",
    "stimulus_duration": 0.999995,
    "stimulus_interval": null,
    "stimulus_name": "Long Square",
    "stimulus_relative_amplitude": 1.0,
    "stimulus_start_time": 1.02,
    "stimulus_units": "Amps",
    "sweep_number": 57,
    "vm_delta_mv": 0.571662902832031
  },
  {
    "bridge_balance_mohm": 9.15750885009766,
    "id": 486263805,
    "leak_pa": -45.558650970459,
    "num_spikes": null,
    "peak_deflection": null,
    "post_noise_rms_mv": 0.0416534692049026,
    "post_vm_mv": -81.8583831787109,
    "pre_noise_rms_mv": 0.0444211848080158,
    "pre_vm_mv": -82.112548828125,
    "slow_noise_rms_mv": 0.11014050245285,
    "slow_vm_mv": -82.112548828125,
    "specimen_id": 486262299,
    "stimulus_absolute_amplitude": -200.000002670286,
    "stimulus_description": "C1SQCAPCHK141203[0]",
    "stimulus_duration": 7.218495,
    "stimulus_interval": 0.2005,
    "stimulus_name": "Square - 0.5ms Subthreshold",
    "stimulus_relative_amplitude": 1.0,
    "stimulus_start_time": 0.8215,
    "stimulus_units": "Amps",
    "sweep_number": 83,
    "vm_delta_mv": 0.254165649414062
  },
  {
    "bridge_balance_mohm": 10.4395599365234,
    "id": 486263651,
    "leak_pa": 63.0145454406738,
    "num_spikes": null,
    "peak_deflection": null,
    "post_noise_rms_mv": 0.037608876824379,
    "post_vm_mv": -79.3779830932617,
    "pre_noise_rms_mv": 0.0386242531239986,
    "pre_vm_mv": -79.3347320556641,
    "slow_noise_rms_mv": 0.0915641263127327,
    "slow_vm_mv": -79.3347320556641,
    "specimen_id": 486262299,
    "stimulus_absolute_amplitude": 700.000002407108,
    "stimulus_description": "C1SSCOARSE150112[6]",
    "stimulus_duration": 0.002995,
    "stimulus_interval": null,
    "stimulus_name": "Short Square",
    "stimulus_relative_amplitude": 1.0,
    "stimulus_start_time": 1.02,
    "stimulus_units": "Amps",
    "sweep_number": 13,
    "vm_delta_mv": 0.0432510375976562
  },
  {
    "bridge_balance_mohm": 9.15750885009766,
    "id": 486263811,
    "leak_pa": -8.4803466796875,
    "num_spikes": 1,
    "peak_deflection": null,
    "post_noise_rms_mv": 0.0429974608123302,
    "post_vm_mv": -80.3744888305664,
    "pre_noise_rms_mv": 0.041540764272213,
    "pre_vm_mv": -80.7835464477539,
    "slow_noise_rms_mv": 0.0994919314980507,
    "slow_vm_mv": -80.7835464477539,
    "specimen_id": 486262299,
    "stimulus_absolute_amplitude": 519.999987513842,
    "stimulus_description": "C2SQRHELNG150216[0]",
    "stimulus_duration": 1.999995,
    "stimulus_interval": null,
    "stimulus_name": "Square - 2s Suprathreshold",
    "stimulus_relative_amplitude": 5.19999980926514,
    "stimulus_start_time": 1.02,
    "stimulus_units": "Amps",
    "sweep_number": 86,
    "vm_delta_mv": 0.4090576171875
  },
  {
    "bridge_balance_mohm": 9.15750885009766,
    "id": 486263825,
    "leak_pa": -21.9127197265625,
    "num_spikes": null,
    "peak_deflection": null,
    "post_noise_rms_mv": null,
    "post_vm_mv": null,
    "pre_noise_rms_mv": null,
    "pre_vm_mv": null,
    "slow_noise_rms_mv": null,
    "slow_vm_mv": null,
    "specimen_id": 486262299,
    "stimulus_absolute_amplitude": null,
    "stimulus_description": "EXTPGGAEND141203[0]",
    "stimulus_duration": null,
    "stimulus_interval": null,
    "stimulus_name": "Test",
    "stimulus_relative_amplitude": 1.0,
    "stimulus_start_time": null,
    "stimulus_units": "Volts",
    "sweep_number": 93,
    "vm_delta_mv": null
  },
  {
    "bridge_balance_mohm": 10.4395599365234,
    "id": 486263689,
    "leak_pa": 61.6527366638184,
    "num_spikes": null,
    "peak_deflection": null,
    "post_noise_rms_mv": 0.0374878272414207,
    "post_vm_mv": -78.9056854248047,
    "pre_noise_rms_mv": 0.042038943618536,
    "pre_vm_mv": -78.8867263793945,
    "slow_noise_rms_mv": 0.0937710851430893,
    "slow_vm_mv": -78.8867263793945,
    "specimen_id": 486262299,
    "stimulus_absolute_amplitude": 1810.00003873777,
    "stimulus_description": "C1SSFINEST150112[0]",
    "stimulus_duration": 0.002995,
    "stimulus_interval": null,
    "stimulus_name": "Short Square",
    "stimulus_relative_amplitude": 18.1000003814697,
    "stimulus_start_time": 1.02,
    "stimulus_units": "Amps",
    "sweep_number": 28,
    "vm_delta_mv": 0.0189590454101562
  },
  {
    "bridge_balance_mohm": 9.70695972442627,
    "id": 486263729,
    "leak_pa": -3.15691733360291,
    "num_spikes": null,
    "peak_deflection": -63.5000038146973,
    "post_noise_rms_mv": 0.0404722094535828,
    "post_vm_mv": -78.4285202026367,
    "pre_noise_rms_mv": 0.0434596203267574,
    "pre_vm_mv": -78.3865280151367,
    "slow_noise_rms_mv": 0.0799610242247581,
    "slow_vm_mv": -78.3865280151367,
    "specimen_id": 486262299,
    "stimulus_absolute_amplitude": 170.000000188075,
    "stimulus_description": "C1LSCOARSE150216[14]",
    "stimulus_duration": 0.999995,
    "stimulus_interval": null,
    "stimulus_name": "Long Square",
    "stimulus_relative_amplitude": 1.0,
    "stimulus_start_time": 1.02,
    "stimulus_units": "Amps",
    "sweep_number": 47,
    "vm_delta_mv": 0.0419921875
  },
  {
    "bridge_balance_mohm": 9.70695972442627,
    "id": 486263759,
    "leak_pa": -55.153205871582,
    "num_spikes": null,
    "peak_deflection": -41.0312538146973,
    "post_noise_rms_mv": 0.0420015417039394,
    "post_vm_mv": -79.8139266967773,
    "pre_noise_rms_mv": 0.0407526008784771,
    "pre_vm_mv": -80.1261444091797,
    "slow_noise_rms_mv": 0.0916383042931557,
    "slow_vm_mv": -80.1261444091797,
    "specimen_id": 486262299,
    "stimulus_absolute_amplitude": 469.999983376823,
    "stimulus_description": "C1LSCOARSE150216[29]",
    "stimulus_duration": 0.999995,
    "stimulus_interval": null,
    "stimulus_name": "Long Square",
    "stimulus_relative_amplitude": 1.0,
    "stimulus_start_time": 1.02,
    "stimulus_units": "Amps",
    "sweep_number": 62,
    "vm_delta_mv": 0.312217712402344
  },
  {
    "bridge_balance_mohm": 9.15750885009766,
    "id": 486263791,
    "leak_pa": -57.0102119445801,
    "num_spikes": 56,
    "peak_deflection": null,
    "post_noise_rms_mv": 0.0406185239553452,
    "post_vm_mv": -80.3000946044922,
    "pre_noise_rms_mv": 0.0450261235237122,
    "pre_vm_mv": -79.9184036254883,
    "slow_noise_rms_mv": 0.104432374238968,
    "slow_vm_mv": -79.9184036254883,
    "specimen_id": 486262299,
    "stimulus_absolute_amplitude": 1225.99996821293,
    "stimulus_description": "C1NSSEED_2150216[0]",
    "stimulus_duration": 18.999995,
    "stimulus_interval": 8.0,
    "stimulus_name": "Noise 2",
    "stimulus_relative_amplitude": 5.19999980926514,
    "stimulus_start_time": 2.02,
    "stimulus_units": "Amps",
    "sweep_number": 76,
    "vm_delta_mv": 0.381690979003906
  },
  {
    "bridge_balance_mohm": 10.4395599365234,
    "id": 486263655,
    "leak_pa": 68.2760696411133,
    "num_spikes": null,
    "peak_deflection": null,
    "post_noise_rms_mv": 0.0409378036856651,
    "post_vm_mv": -79.5344696044922,
    "pre_noise_rms_mv": 0.0377885214984417,
    "pre_vm_mv": -79.5622634887695,
    "slow_noise_rms_mv": 0.0591223202645779,
    "slow_vm_mv": -79.5622634887695,
    "specimen_id": 486262299,
    "stimulus_absolute_amplitude": 900.000018955183,
    "stimulus_description": "C1SSCOARSE150112[8]",
    "stimulus_duration": 0.002995,
    "stimulus_interval": null,
    "stimulus_name": "Short Square",
    "stimulus_relative_amplitude": 1.0,
    "stimulus_start_time": 1.02,
    "stimulus_units": "Amps",
    "sweep_number": 15,
    "vm_delta_mv": 0.0277938842773438
  },
  {
    "bridge_balance_mohm": 10.4395599365234,
    "id": 486263667,
    "leak_pa": 76.4469146728516,
    "num_spikes": null,
    "peak_deflection": null,
    "post_noise_rms_mv": 0.0401024185121059,
    "post_vm_mv": -79.1302871704102,
    "pre_noise_rms_mv": 0.0345932431519032,
    "pre_vm_mv": -79.0600433349609,
    "slow_noise_rms_mv": 0.0701521635055542,
    "slow_vm_mv": -79.0600433349609,
    "specimen_id": 486262299,
    "stimulus_absolute_amplitude": 1500.00001308825,
    "stimulus_description": "C1SSCOARSE150112[14]",
    "stimulus_duration": 0.002995,
    "stimulus_interval": null,
    "stimulus_name": "Short Square",
    "stimulus_relative_amplitude": 1.0,
    "stimulus_start_time": 1.02,
    "stimulus_units": "Amps",
    "sweep_number": 21,
    "vm_delta_mv": 0.0702438354492188
  },
  {
    "bridge_balance_mohm": 10.4395599365234,
    "id": 486263665,
    "leak_pa": 76.1374130249023,
    "num_spikes": null,
    "peak_deflection": null,
    "post_noise_rms_mv": 0.036083061248064,
    "post_vm_mv": -78.9534072875977,
    "pre_noise_rms_mv": 0.0389543361961842,
    "pre_vm_mv": -78.9514541625977,
    "slow_noise_rms_mv": 0.062729611992836,
    "slow_vm_mv": -78.9514541625977,
    "specimen_id": 486262299,
    "stimulus_absolute_amplitude": 1400.00000481422,
    "stimulus_description": "C1SSCOARSE150112[13]",
    "stimulus_duration": 0.002995,
    "stimulus_interval": null,
    "stimulus_name": "Short Square",
    "stimulus_relative_amplitude": 1.0,
    "stimulus_start_time": 1.02,
    "stimulus_units": "Amps",
    "sweep_number": 20,
    "vm_delta_mv": 0.001953125
  },
  {
    "bridge_balance_mohm": 10.4395599365234,
    "id": 486263647,
    "leak_pa": 62.2717437744141,
    "num_spikes": null,
    "peak_deflection": null,
    "post_noise_rms_mv": 0.0409281738102436,
    "post_vm_mv": -78.9032745361328,
    "pre_noise_rms_mv": 0.0413884446024895,
    "pre_vm_mv": -78.9532318115234,
    "slow_noise_rms_mv": 0.0867000296711922,
    "slow_vm_mv": -78.9532318115234,
    "specimen_id": 486262299,
    "stimulus_absolute_amplitude": 499.999985859034,
    "stimulus_description": "C1SSCOARSE150112[4]",
    "stimulus_duration": 0.002995,
    "stimulus_interval": null,
    "stimulus_name": "Short Square",
    "stimulus_relative_amplitude": 1.0,
    "stimulus_start_time": 1.02,
    "stimulus_units": "Amps",
    "sweep_number": 11,
    "vm_delta_mv": 0.049957275390625
  },
  {
    "bridge_balance_mohm": 9.15750885009766,
    "id": 486263777,
    "leak_pa": -53.3580932617188,
    "num_spikes": 1,
    "peak_deflection": null,
    "post_noise_rms_mv": 0.0345715843141079,
    "post_vm_mv": -79.9361419677734,
    "pre_noise_rms_mv": 0.0425031334161758,
    "pre_vm_mv": -80.1715087890625,
    "slow_noise_rms_mv": 0.119404844939709,
    "slow_vm_mv": -80.1715087890625,
    "specimen_id": 486262299,
    "stimulus_absolute_amplitude": 519.999987513842,
    "stimulus_description": "C1LSFINEST150112[0]",
    "stimulus_duration": 0.999995,
    "stimulus_interval": null,
    "stimulus_name": "Long Square",
    "stimulus_relative_amplitude": 5.19999980926514,
    "stimulus_start_time": 1.02,
    "stimulus_units": "Amps",
    "sweep_number": 71,
    "vm_delta_mv": 0.235366821289062
  },
  {
    "bridge_balance_mohm": null,
    "id": 486263827,
    "leak_pa": null,
    "num_spikes": null,
    "peak_deflection": null,
    "post_noise_rms_mv": 0.0419262833893299,
    "post_vm_mv": 1.8177318572998,
    "pre_noise_rms_mv": 0.0353866294026375,
    "pre_vm_mv": 1.65729975700378,
    "slow_noise_rms_mv": 0.11244298517704,
    "slow_vm_mv": 1.65729975700378,
    "specimen_id": 486262299,
    "stimulus_absolute_amplitude": 0.0,
    "stimulus_description": "EXTPBLWOUT141203[0]",
    "stimulus_duration": 0.0,
    "stimulus_interval": null,
    "stimulus_name": "Test",
    "stimulus_relative_amplitude": 1.0,
    "stimulus_start_time": 0.0,
    "stimulus_units": "Amps",
    "sweep_number": 94,
    "vm_delta_mv": 0.160432100296021
  },
  {
    "bridge_balance_mohm": 9.70695972442627,
    "id": 486263747,
    "leak_pa": -40.2971229553223,
    "num_spikes": null,
    "peak_deflection": -51.5625038146973,
    "post_noise_rms_mv": 0.0428584478795528,
    "post_vm_mv": -79.1429061889648,
    "pre_noise_rms_mv": 0.0402638353407383,
    "pre_vm_mv": -79.7709197998047,
    "slow_noise_rms_mv": 0.0802210196852684,
    "slow_vm_mv": -79.7709197998047,
    "specimen_id": 486262299,
    "stimulus_absolute_amplitude": 350.000001203554,
    "stimulus_description": "C1LSCOARSE150216[23]",
    "stimulus_duration": 0.999995,
    "stimulus_interval": null,
    "stimulus_name": "Long Square",
    "stimulus_relative_amplitude": 1.0,
    "stimulus_start_time": 1.02,
    "stimulus_units": "Amps",
    "sweep_number": 56,
    "vm_delta_mv": 0.628013610839844
  },
  {
    "bridge_balance_mohm": 9.70695972442627,
    "id": 486263743,
    "leak_pa": -41.2256278991699,
    "num_spikes": null,
    "peak_deflection": -54.625,
    "post_noise_rms_mv": 0.0359440185129642,
    "post_vm_mv": -80.1790313720703,
    "pre_noise_rms_mv": 0.0487086065113544,
    "pre_vm_mv": -80.1040649414062,
    "slow_noise_rms_mv": 0.113517187535763,
    "slow_vm_mv": -80.1040649414062,
    "specimen_id": 486262299,
    "stimulus_absolute_amplitude": 309.999997893939,
    "stimulus_description": "C1LSCOARSE150216[21]",
    "stimulus_duration": 0.999995,
    "stimulus_interval": null,
    "stimulus_name": "Long Square",
    "stimulus_relative_amplitude": 1.0,
    "stimulus_start_time": 1.02,
    "stimulus_units": "Amps",
    "sweep_number": 54,
    "vm_delta_mv": 0.0749664306640625
  },
  {
    "bridge_balance_mohm": 9.70695972442627,
    "id": 486263753,
    "leak_pa": -56.1436080932617,
    "num_spikes": null,
    "peak_deflection": -48.03125,
    "post_noise_rms_mv": 0.0436473228037357,
    "post_vm_mv": -80.1070022583008,
    "pre_noise_rms_mv": 0.0474169254302979,
    "pre_vm_mv": -79.9585113525391,
    "slow_noise_rms_mv": 0.0734217166900635,
    "slow_vm_mv": -79.9585113525391,
    "specimen_id": 486262299,
    "stimulus_absolute_amplitude": 410.000006167976,
    "stimulus_description": "C1LSCOARSE150216[26]",
    "stimulus_duration": 0.999995,
    "stimulus_interval": null,
    "stimulus_name": "Long Square",
    "stimulus_relative_amplitude": 1.0,
    "stimulus_start_time": 1.02,
    "stimulus_units": "Amps",
    "sweep_number": 59,
    "vm_delta_mv": 0.148490905761719
  },
  {
    "bridge_balance_mohm": 10.4395599365234,
    "id": 486263681,
    "leak_pa": 61.6527366638184,
    "num_spikes": null,
    "peak_deflection": null,
    "post_noise_rms_mv": 0.0406948439776897,
    "post_vm_mv": -79.3320083618164,
    "pre_noise_rms_mv": 0.0415239296853542,
    "pre_vm_mv": -79.442512512207,
    "slow_noise_rms_mv": 0.0752005130052567,
    "slow_vm_mv": -79.442512512207,
    "specimen_id": 486262299,
    "stimulus_absolute_amplitude": 1770.00014645046,
    "stimulus_description": "C1SSFINEST150112[0]",
    "stimulus_duration": 0.002995,
    "stimulus_interval": null,
    "stimulus_name": "Short Square",
    "stimulus_relative_amplitude": 17.7000007629395,
    "stimulus_start_time": 1.02,
    "stimulus_units": "Amps",
    "sweep_number": 26,
    "vm_delta_mv": 0.110504150390625
  },
  {
    "bridge_balance_mohm": 9.15750885009766,
    "id": 486263807,
    "leak_pa": -45.558650970459,
    "num_spikes": null,
    "peak_deflection": null,
    "post_noise_rms_mv": 0.0371457077562809,
    "post_vm_mv": -81.4960861206055,
    "pre_noise_rms_mv": 0.0417149215936661,
    "pre_vm_mv": -81.7164306640625,
    "slow_noise_rms_mv": 0.112255536019802,
    "slow_vm_mv": -81.7164306640625,
    "specimen_id": 486262299,
    "stimulus_absolute_amplitude": -200.000002670286,
    "stimulus_description": "C1SQCAPCHK141203[0]",
    "stimulus_duration": 7.218495,
    "stimulus_interval": 0.2005,
    "stimulus_name": "Square - 0.5ms Subthreshold",
    "stimulus_relative_amplitude": 1.0,
    "stimulus_start_time": 0.8215,
    "stimulus_units": "Amps",
    "sweep_number": 84,
    "vm_delta_mv": 0.220344543457031
  },
  {
    "bridge_balance_mohm": 9.70695972442627,
    "id": 486263731,
    "leak_pa": -6.74713706970215,
    "num_spikes": null,
    "peak_deflection": -61.8125,
    "post_noise_rms_mv": 0.0367756299674511,
    "post_vm_mv": -78.0475082397461,
    "pre_noise_rms_mv": 0.043924055993557,
    "pre_vm_mv": -78.3981094360352,
    "slow_noise_rms_mv": 0.0637582838535309,
    "slow_vm_mv": -78.3981094360352,
    "specimen_id": 486262299,
    "stimulus_absolute_amplitude": 190.000001842883,
    "stimulus_description": "C1LSCOARSE150216[15]",
    "stimulus_duration": 0.999995,
    "stimulus_interval": null,
    "stimulus_name": "Long Square",
    "stimulus_relative_amplitude": 1.0,
    "stimulus_start_time": 1.02,
    "stimulus_units": "Amps",
    "sweep_number": 48,
    "vm_delta_mv": 0.350601196289062
  },
  {
    "bridge_balance_mohm": 9.70695972442627,
    "id": 486263737,
    "leak_pa": -27.4218521118164,
    "num_spikes": null,
    "peak_deflection": -56.7500038146973,
    "post_noise_rms_mv": 0.0400603339076042,
    "post_vm_mv": -77.5108947753906,
    "pre_noise_rms_mv": 0.0398967489600182,
    "pre_vm_mv": -77.9637680053711,
    "slow_noise_rms_mv": 0.063767172396183,
    "slow_vm_mv": -77.9637680053711,
    "specimen_id": 486262299,
    "stimulus_absolute_amplitude": 249.999992929517,
    "stimulus_description": "C1LSCOARSE150216[18]",
    "stimulus_duration": 0.999995,
    "stimulus_interval": null,
    "stimulus_name": "Long Square",
    "stimulus_relative_amplitude": 1.0,
    "stimulus_start_time": 1.02,
    "stimulus_units": "Amps",
    "sweep_number": 51,
    "vm_delta_mv": 0.452873229980469
  },
  {
    "bridge_balance_mohm": 10.4395599365234,
    "id": 486263697,
    "leak_pa": 59.9814300537109,
    "num_spikes": 1,
    "peak_deflection": null,
    "post_noise_rms_mv": 0.0303374174982309,
    "post_vm_mv": -79.0038833618164,
    "pre_noise_rms_mv": 0.0376980416476727,
    "pre_vm_mv": -79.0177688598633,
    "slow_noise_rms_mv": 0.0907024443149567,
    "slow_vm_mv": -79.0177688598633,
    "specimen_id": 486262299,
    "stimulus_absolute_amplitude": 1829.99981834797,
    "stimulus_description": "C1SSFINEST150112[0]",
    "stimulus_duration": 0.002995,
    "stimulus_interval": null,
    "stimulus_name": "Short Square",
    "stimulus_relative_amplitude": 18.2999992370605,
    "stimulus_start_time": 1.02,
    "stimulus_units": "Amps",
    "sweep_number": 31,
    "vm_delta_mv": 0.013885498046875
  },
  {
    "bridge_balance_mohm": 9.15750885009766,
    "id": 486263823,
    "leak_pa": -21.9127197265625,
    "num_spikes": null,
    "peak_deflection": null,
    "post_noise_rms_mv": null,
    "post_vm_mv": null,
    "pre_noise_rms_mv": null,
    "pre_vm_mv": null,
    "slow_noise_rms_mv": null,
    "slow_vm_mv": null,
    "specimen_id": 486262299,
    "stimulus_absolute_amplitude": null,
    "stimulus_description": "EXTPEXPEND141203[0]",
    "stimulus_duration": null,
    "stimulus_interval": null,
    "stimulus_name": "Test",
    "stimulus_relative_amplitude": 1.0,
    "stimulus_start_time": null,
    "stimulus_units": "Volts",
    "sweep_number": 92,
    "vm_delta_mv": null
  },
  {
    "bridge_balance_mohm": 10.4395599365234,
    "id": 486263653,
    "leak_pa": 64.9334564208984,
    "num_spikes": null,
    "peak_deflection": null,
    "post_noise_rms_mv": 0.0367395952343941,
    "post_vm_mv": -79.5674209594727,
    "pre_noise_rms_mv": 0.0444362834095955,
    "pre_vm_mv": -79.4627380371094,
    "slow_noise_rms_mv": 0.0759964287281036,
    "slow_vm_mv": -79.4627380371094,
    "specimen_id": 486262299,
    "stimulus_absolute_amplitude": 800.000010681146,
    "stimulus_description": "C1SSCOARSE150112[7]",
    "stimulus_duration": 0.002995,
    "stimulus_interval": null,
    "stimulus_name": "Short Square",
    "stimulus_relative_amplitude": 1.0,
    "stimulus_start_time": 1.02,
    "stimulus_units": "Amps",
    "sweep_number": 14,
    "vm_delta_mv": 0.104682922363281
  },
  {
    "bridge_balance_mohm": 9.70695972442627,
    "id": 486263763,
    "leak_pa": -77.746826171875,
    "num_spikes": 1,
    "peak_deflection": null,
    "post_noise_rms_mv": 0.0428575798869133,
    "post_vm_mv": -79.7495346069336,
    "pre_noise_rms_mv": 0.0463000200688839,
    "pre_vm_mv": -79.980598449707,
    "slow_noise_rms_mv": 0.0707058236002922,
    "slow_vm_mv": -79.980598449707,
    "specimen_id": 486262299,
    "stimulus_absolute_amplitude": 509.999986686438,
    "stimulus_description": "C1LSCOARSE150216[31]",
    "stimulus_duration": 0.999995,
    "stimulus_interval": null,
    "stimulus_name": "Long Square",
    "stimulus_relative_amplitude": 1.0,
    "stimulus_start_time": 1.02,
    "stimulus_units": "Amps",
    "sweep_number": 64,
    "vm_delta_mv": 0.231063842773438
  },
  {
    "bridge_balance_mohm": null,
    "id": 486263625,
    "leak_pa": null,
    "num_spikes": null,
    "peak_deflection": null,
    "post_noise_rms_mv": null,
    "post_vm_mv": null,
    "pre_noise_rms_mv": null,
    "pre_vm_mv": null,
    "slow_noise_rms_mv": null,
    "slow_vm_mv": null,
    "specimen_id": 486262299,
    "stimulus_absolute_amplitude": null,
    "stimulus_description": "EXTPSMOKET141203[0]",
    "stimulus_duration": null,
    "stimulus_interval": null,
    "stimulus_name": "Test",
    "stimulus_relative_amplitude": 1.0,
    "stimulus_start_time": null,
    "stimulus_units": "Volts",
    "sweep_number": 0,
    "vm_delta_mv": null
  },
  {
    "bridge_balance_mohm": 10.4395599365234,
    "id": 486263707,
    "leak_pa": 42.5255355834961,
    "num_spikes": null,
    "peak_deflection": -83.53125,
    "post_noise_rms_mv": 0.0434145480394363,
    "post_vm_mv": -78.4957275390625,
    "pre_noise_rms_mv": 0.0435684733092785,
    "pre_vm_mv": -78.3136138916016,
    "slow_noise_rms_mv": 0.0855880603194237,
    "slow_vm_mv": -78.3136138916016,
    "specimen_id": 486262299,
    "stimulus_absolute_amplitude": -69.9999988529321,
    "stimulus_description": "C1LSCOARSE150216[2]",
    "stimulus_duration": 0.999995,
    "stimulus_interval": null,
    "stimulus_name": "Long Square",
    "stimulus_relative_amplitude": 1.0,
    "stimulus_start_time": 1.02,
    "stimulus_units": "Amps",
    "sweep_number": 36,
    "vm_delta_mv": 0.182113647460938
  },
  {
    "bridge_balance_mohm": 10.4395599365234,
    "id": 486263705,
    "leak_pa": 47.7251625061035,
    "num_spikes": null,
    "peak_deflection": -84.59375,
    "post_noise_rms_mv": 0.0392970032989979,
    "post_vm_mv": -78.0219268798828,
    "pre_noise_rms_mv": 0.0418762527406216,
    "pre_vm_mv": -78.2273483276367,
    "slow_noise_rms_mv": 0.0636889189481735,
    "slow_vm_mv": -78.2273483276367,
    "specimen_id": 486262299,
    "stimulus_absolute_amplitude": -90.0000005077395,
    "stimulus_description": "C1LSCOARSE150216[1]",
    "stimulus_duration": 0.999995,
    "stimulus_interval": null,
    "stimulus_name": "Long Square",
    "stimulus_relative_amplitude": 1.0,
    "stimulus_start_time": 1.02,
    "stimulus_units": "Amps",
    "sweep_number": 35,
    "vm_delta_mv": 0.205421447753906
  },
  {
    "bridge_balance_mohm": 9.70695972442627,
    "id": 486263751,
    "leak_pa": -54.9056015014648,
    "num_spikes": null,
    "peak_deflection": -48.2187538146973,
    "post_noise_rms_mv": 0.0471904277801514,
    "post_vm_mv": -79.8302612304688,
    "pre_noise_rms_mv": 0.0435717143118382,
    "pre_vm_mv": -79.3687210083008,
    "slow_noise_rms_mv": 0.0815604031085968,
    "slow_vm_mv": -79.3687210083008,
    "specimen_id": 486262299,
    "stimulus_absolute_amplitude": 390.000004513169,
    "stimulus_description": "C1LSCOARSE150216[25]",
    "stimulus_duration": 0.999995,
    "stimulus_interval": null,
    "stimulus_name": "Long Square",
    "stimulus_relative_amplitude": 1.0,
    "stimulus_start_time": 1.02,
    "stimulus_units": "Amps",
    "sweep_number": 58,
    "vm_delta_mv": 0.461540222167969
  }
]