{
  "passive": [
    {
      "ra": 100
    }
  ], 
  "fitting": [
    {
      "junction_potential": -14.0, 
      "sweeps": [
        70
      ]
    }
  ], 
  "conditions": [
    {
      "celsius": 34, 
      "erev": [
        {
          "ena": 53.0, 
          "section": "soma", 
          "ek": -107.0
        }, 
        {
          "ena": 53.0, 
          "section": "axon", 
          "ek": -107.0
        }, 
        {
          "ena": 53.0, 
          "section": "apic", 
          "ek": -107.0
        }, 
        {
          "ena": 53.0, 
          "section": "dend", 
          "ek": -107.0
        }
      ], 
      "v_init": -90
    }
  ], 
  "genome": [
    {
      "section": "soma", 
      "name": "g_pas", 
      "value": "0.000533706", 
      "mechanism": ""
    }, 
    {
      "section": "soma", 
      "name": "e_pas", 
      "value": "-60.305", 
      "mechanism": ""
    }, 
    {
      "section": "axon", 
      "name": "g_pas", 
      "value": "0.00185914", 
      "mechanism": ""
    }, 
    {
      "section": "axon", 
      "name": "e_pas", 
      "value": "-101.906", 
      "mechanism": ""
    }, 
    {
      "section": "apic", 
      "name": "g_pas", 
      "value": "0.002004", 
      "mechanism": ""
    }, 
    {
      "section": "apic", 
      "name": "e_pas", 
      "value": "-74.4219", 
      "mechanism": ""
    }, 
    {
      "section": "dend", 
      "name": "g_pas", 
      "value": "0.000357951", 
      "mechanism": ""
    }, 
    {
      "section": "dend", 
      "name": "e_pas", 
      "value": "-103.521", 
      "mechanism": ""
    }, 
    {
      "section": "soma", 
      "name": "cm", 
      "value": "3.86557", 
      "mechanism": ""
    }, 
    {
      "section": "soma", 
      "name": "Ra", 
      "value": "51.5221", 
      "mechanism": ""
    }, 
    {
      "section": "axon", 
      "name": "cm", 
      "value": "9.47965", 
      "mechanism": ""
    }, 
    {
      "section": "axon", 
      "name": "Ra", 
      "value": "116.427", 
      "mechanism": ""
    }, 
    {
      "section": "apic", 
      "name": "cm", 
      "value": "0.66601", 
      "mechanism": ""
    }, 
    {
      "section": "apic", 
      "name": "Ra", 
      "value": "102.351", 
      "mechanism": ""
    }, 
    {
      "section": "dend", 
      "name": "cm", 
      "value": "1.11848", 
      "mechanism": ""
    }, 
    {
      "section": "dend", 
      "name": "Ra", 
      "value": "97.7449", 
      "mechanism": ""
    }, 
    {
      "section": "axon", 
      "name": "gbar_NaV", 
      "value": "0.0215295", 
      "mechanism": "NaV"
    }, 
    {
      "section": "axon", 
      "name": "gbar_K_T", 
      "value": "0.000354893", 
      "mechanism": "K_T"
    }, 
    {
      "section": "axon", 
      "name": "gbar_Kd", 
      "value": "0.00921634", 
      "mechanism": "Kd"
    }, 
    {
      "section": "axon", 
      "name": "gbar_Kv2like", 
      "value": "0.0849971", 
      "mechanism": "Kv2like"
    }, 
    {
      "section": "axon", 
      "name": "gbar_Kv3_1", 
      "value": "0.0364992", 
      "mechanism": "Kv3_1"
    }, 
    {
      "section": "axon", 
      "name": "gbar_SK", 
      "value": "0.00459888", 
      "mechanism": "SK"
    }, 
    {
      "section": "axon", 
      "name": "gbar_Ca_HVA", 
      "value": "5.06021e-05", 
      "mechanism": "Ca_HVA"
    }, 
    {
      "section": "axon", 
      "name": "gbar_Ca_LVA", 
      "value": "0.00774628", 
      "mechanism": "Ca_LVA"
    }, 
    {
      "section": "axon", 
      "name": "gamma_CaDynamics", 
      "value": "0.0435563", 
      "mechanism": "CaDynamics"
    }, 
    {
      "section": "axon", 
      "name": "decay_CaDynamics", 
      "value": "990.77", 
      "mechanism": "CaDynamics"
    }, 
    {
      "section": "soma", 
      "name": "gbar_NaV", 
      "value": "0.0493719", 
      "mechanism": "NaV"
    }, 
    {
      "section": "soma", 
      "name": "gbar_SK", 
      "value": "0.00058989", 
      "mechanism": "SK"
    }, 
    {
      "section": "soma", 
      "name": "gbar_Kv3_1", 
      "value": "0.11218", 
      "mechanism": "Kv3_1"
    }, 
    {
      "section": "soma", 
      "name": "gbar_Ca_HVA", 
      "value": "6.04052e-07", 
      "mechanism": "Ca_HVA"
    }, 
    {
      "section": "soma", 
      "name": "gbar_Ca_LVA", 
      "value": "0.00839421", 
      "mechanism": "Ca_LVA"
    }, 
    {
      "section": "soma", 
      "name": "gamma_CaDynamics", 
      "value": "0.00157709", 
      "mechanism": "CaDynamics"
    }, 
    {
      "section": "soma", 
      "name": "decay_CaDynamics", 
      "value": "440.684", 
      "mechanism": "CaDynamics"
    }, 
    {
      "section": "soma", 
      "name": "gbar_Ih", 
      "value": "6.92623e-06", 
      "mechanism": "Ih"
    }, 
    {
      "section": "apic", 
      "name": "gbar_NaV", 
      "value": "0.0204843", 
      "mechanism": "NaV"
    }, 
    {
      "section": "apic", 
      "name": "gbar_Kv3_1", 
      "value": "0.162197", 
      "mechanism": "Kv3_1"
    }, 
    {
      "section": "apic", 
      "name": "gbar_Im_v2", 
      "value": "2.13342e-05", 
      "mechanism": "Im_v2"
    }, 
    {
      "section": "apic", 
      "name": "gbar_Ih", 
      "value": "5.01902e-06", 
      "mechanism": "Ih"
    }, 
    {
      "section": "dend", 
      "name": "gbar_NaV", 
      "value": "0.0414361", 
      "mechanism": "NaV"
    }, 
    {
      "section": "dend", 
      "name": "gbar_Kv3_1", 
      "value": "0.00595106", 
      "mechanism": "Kv3_1"
    }, 
    {
      "section": "dend", 
      "name": "gbar_Im_v2", 
      "value": "0.00674672", 
      "mechanism": "Im_v2"
    }, 
    {
      "section": "dend", 
      "name": "gbar_Ih", 
      "value": "8.49468e-06", 
      "mechanism": "Ih"
    }
  ]
}