{
  "id": 515175253,
  "name": "Biophysical - all active_Cux2-CreERT2;Ai14-207761.04.02.01",
  "neuron_reconstruction_id": 506798042,
  "neuronal_model_template_id": 491455321,
  "specimen_id": 486262299,
  "specimen": {
    "cell_prep_sample_id": null,
    "cell_reporter_id": 491913822,
    "cortex_layer_id": null,
    "data": null,
    "donor_id": 485955780,
    "ephys_result_id": 486262297,
    "external_specimen_name": null,
    "failed_facet": 734881840,
    "hemisphere": "right",
    "id": 486262299,
    "is_cell_specimen": true,
    "is_ish": false,
    "name": "Cux2-CreERT2;Ai14-207761.04.02.01",
    "parent_id": 486244683,
    "parent_x_coord": 0,
    "parent_y_coord": 0,
    "parent_z_coord": 1,
    "pinned_radius": null,
    "rna_integrity_number": null,
    "specimen_id_path": "/485955782/486244248/486244683/486262299/",
    "sphinx_id": 640637,
    "structure_id": 821,
    "tissue_ph": null,
    "treatment_id": 680087734,
    "weight": 9000,
    "donor": {
      "age_id": 298414243,
      "chemotherapy": null,
      "condition_description": null,
      "data": null,
      "date_of_birth": "2015-07-02T00:00:00Z",
      "donor_condition_description_facet": null,
      "donor_race_only_facet": null,
      "donor_sex_facet": 4122955671,
      "donor_strain_facet": null,
      "donor_strain_only_facet": null,
      "egfr_amplification": null,
      "extent_of_resection": null,
      "external_donor_name": "207761",
      "full_genotype": "Cux2-CreERT2/wt;Ai14(RCL-tdT)/wt",
      "handedness": null,
      "id": 485955780,
      "initial_kps": null,
      "mgmt_ihc": null,
      "mgmt_methylation": null,
      "molecular_subtype": null,
      "multifocal": null,
      "name": "Cux2-CreERT2;Ai14-207761",
      "organism_id": 2,
      "pmi": null,
      "primary_tissue_source": null,
      "pten_deletion": null,
      "race_only": null,
      "radiation_therapy": null,
      "recurrence_by_six_months": null,
      "sex": "M",
      "sex_full_name": "Male",
      "sleep_state": null,
      "smoker": null,
      "strain": null,
      "strain_only": "",
      "survival_days": null,
      "tags": "Cux2-CreERT2;Ai14-207761 ",
      "theiler_stage": null,
      "time_to_progression_or_recurrence": null,
      "transgenic_mouse_id": 188,
      "tumor_status": null,
      "weight_grams": null,
      "transgenic_lines": [
        {
          "description": "tdTomato fluorescent protein is expressed in cytoplasm",
          "id": 177836291,
          "name": "Ai14(RCL-tdT)",
          "originating_lab": "Allen Institute for Brain Science",
          "stock_number": "007914",
          "sub_image_annotation_id": 21592,
          "transgenic_line_source_name": "JAX",
          "transgenic_line_type_code": "R",
          "transgenic_line_type_name": "reporter",
          "url_prefix": "http://jaxmice.jax.org/strain/",
          "url_suffix": ".html"
        },
        {
          "description": "Enriched in cortical layers 2/3/4, thalamus, midbrain, pons, medulla and cerebellum. ",
          "id": 177839004,
          "name": "Cux2-CreERT2",
          "originating_lab": "Ulrich Mueller",
          "stock_number": "032779",
          "sub_image_annotation_id": 21882,
          "transgenic_line_source_name": "MMRRC",
          "transgenic_line_type_code": "D",
          "transgenic_line_type_name": "driver",
          "url_prefix": "http://www.mmrrc.org/catalog/getSDS.jsp?mmrrc_id=",
          "url_suffix": null
        }
      ]
    },
    "specimen_tags": [
      {
        "name": "apical - intact"
      },
      {
        "name": "dendrite type - spiny"
      }
    ],
    "structure": {
      "acronym": "VISp2/3",
      "atlas_id": 951,
      "color_hex_triplet": "08858C",
      "depth": 8,
      "failed": false,
      "failed_facet": 734881840,
      "graph_id": 1,
      "graph_order": 187,
      "hemisphere_id": 3,
      "id": 821,
      "name": "Primary visual area, layer 2/3",
      "neuro_name_structure_id": null,
      "neuro_name_structure_id_path": null,
      "ontology_id": 1,
      "parent_structure_id": 385,
      "safe_name": "Primary visual area layer 2/3",
      "sphinx_id": 188,
      "st_level": 11,
      "structure_id_path": "/997/8/567/688/695/315/669/385/821/",
      "structure_name_facet": 2317291160,
      "weight": 8690
    }
  },
  "neuronal_model_runs": [
    {
      "explained_variance_ratio": 0.692255885510038,
      "rheobase_feature_average": 67.8465657248736
    }
  ]
}